                                                                        S      1
,,17H3D_box_new_Latest,17H3D_box_new_Latest,7Hunknown,7Hunknown,32,38,7,G      1
99,15,,1.,2,2HMM,1,0.08,15H20260505.233334,0.01,10000.,7Hunknown,7HunknoG      2
wn,11,0,15H20260418.140155;                                             G      3
     408       1                                       5        00000001D      1
     408       0               1       0                               0D      2
     408       2                                       7        00000001D      3
     408       0               1       0                               0D      4
     124       3                                                00000000D      5
     124                       4       0                               0D      6
     124       7                                                00000000D      7
     124                       2       0                               0D      8
     308       9                                                00010200D      9
     308       0               1       0                               0D     10
     308      10                                                00010200D     11
     308       0               1       0                               0D     12
     186      11                                                00010000D     13
     186            -597       1       0                               0D     14
     186      12                                                00010000D     15
     186            -597       1       0                               0D     16
     186      13                                                00000000D     17
     186            -595       1       0                               0D     18
     514      14                                                00010000D     19
     514                       3       1                               0D     20
     514      17                                                00010000D     21
     514                       1       1                               0D     22
     514      18                                                00010000D     23
     514                       2       1                               0D     24
     510      20                                                00010000D     25
     510            -597       1       1                               0D     26
     510      21                                                00010000D     27
     510            -597       1       1                               0D     28
     510      22                                                00010000D     29
     510            -597       1       1                               0D     30
     510      23                                                00010000D     31
     510            -597       1       1                               0D     32
     510      24                                                00010000D     33
     510            -597       1       1                               0D     34
     510      25                                                00010000D     35
     510            -597       1       1                               0D     36
     510      26                                                00010000D     37
     510            -597       1       1                               0D     38
     510      27                                                00010000D     39
     510            -597       1       1                               0D     40
     510      28                                                00010000D     41
     510            -597       1       1                               0D     42
     510      29                                                00010000D     43
     510            -597       1       1                               0D     44
     510      30                                                00010000D     45
     510            -597       1       1                               0D     46
     510      31                                                00010000D     47
     510            -597       1       1                               0D     48
     510      32                                                00010000D     49
     510            -597       1       1                               0D     50
     510      33                                                00010000D     51
     510            -597       1       1                               0D     52
     510      34                                                00010000D     53
     510            -597       1       1                               0D     54
     510      35                                                00010000D     55
     510            -597       1       1                               0D     56
     510      36                                                00010000D     57
     510            -597       1       1                               0D     58
     510      37                                                00010000D     59
     510            -597       1       1                               0D     60
     510      38                                                00010000D     61
     510            -597       1       1                               0D     62
     510      39                                                00010000D     63
     510            -597       1       1                               0D     64
     510      40                                                00010000D     65
     510            -597       1       1                               0D     66
     510      41                                                00010000D     67
     510            -597       1       1                               0D     68
     510      42                                                00010000D     69
     510            -597       1       1                               0D     70
     510      43                                                00010000D     71
     510            -597       1       1                               0D     72
     510      44                                                00010000D     73
     510            -597       1       1                               0D     74
     510      45                                                00010000D     75
     510            -597       1       1                               0D     76
     510      46                                                00010000D     77
     510            -597       1       1                               0D     78
     510      47                                                00010000D     79
     510            -597       1       1                               0D     80
     510      48                                                00010000D     81
     510            -597       1       1                               0D     82
     510      49                                                00010000D     83
     510            -597       1       1                               0D     84
     510      50                                                00010000D     85
     510            -597       1       1                               0D     86
     510      51                                                00010000D     87
     510            -597       1       1                               0D     88
     510      52                                                00010000D     89
     510            -597       1       1                               0D     90
     510      53                                                00010000D     91
     510            -597       1       1                               0D     92
     510      54                                                00010000D     93
     510            -597       1       1                               0D     94
     510      55                                                00010000D     95
     510            -597       1       1                               0D     96
     510      56                                                00010000D     97
     510            -597       1       1                               0D     98
     510      57                                                00010000D     99
     510            -595       1       1                               0D    100
     510      58                                                00010000D    101
     510            -595       1       1                               0D    102
     510      59                                                00010000D    103
     510            -595       1       1                               0D    104
     510      60                                                00010000D    105
     510            -595       1       1                               0D    106
     510      61                                                00010000D    107
     510            -595       1       1                               0D    108
     510      62                                                00010000D    109
     510            -595       1       1                               0D    110
     510      63                                                00010000D    111
     510            -595       1       1                               0D    112
     510      64                                                00010000D    113
     510            -595       1       1                               0D    114
     510      65                                                00010000D    115
     510            -595       1       1                               0D    116
     510      66                                                00010000D    117
     510            -595       1       1                               0D    118
     510      67                                                00010000D    119
     510            -595       1       1                               0D    120
     508      68                                                00010000D    121
     508                       1       1                               0D    122
     508      69                                                00010000D    123
     508                       1       1                               0D    124
     508      70                                                00010000D    125
     508                       1       1                               0D    126
     508      71                                                00010000D    127
     508                       1       1                               0D    128
     508      72                                                00010000D    129
     508                       1       1                               0D    130
     508      73                                                00010000D    131
     508                       1       1                               0D    132
     508      74                                                00010000D    133
     508                       2       1                               0D    134
     508      76                                                00010000D    135
     508                       1       1                               0D    136
     508      77                                                00010000D    137
     508                       2       1                               0D    138
     508      79                                                00010000D    139
     508                       1       1                               0D    140
     508      80                                                00010000D    141
     508                       1       1                               0D    142
     508      81                                                00010000D    143
     508                       1       1                               0D    144
     508      82                                                00010000D    145
     508                       1       1                               0D    146
     508      83                                                00010000D    147
     508                       1       1                               0D    148
     508      84                                                00010000D    149
     508                       1       1                               0D    150
     508      85                                                00010000D    151
     508                       1       1                               0D    152
     508      86                                                00010000D    153
     508                       1       1                               0D    154
     508      87                                                00010000D    155
     508                       1       1                               0D    156
     508      88                                                00010000D    157
     508                       1       1                               0D    158
     508      89                                                00010000D    159
     508                       1       1                               0D    160
     508      90                                                00010000D    161
     508                       1       1                               0D    162
     508      91                                                00010000D    163
     508                       1       1                               0D    164
     508      92                                                00010000D    165
     508                       1       1                               0D    166
     508      93                                                00010000D    167
     508                       1       1                               0D    168
     508      94                                                00010000D    169
     508                       1       1                               0D    170
     508      95                                                00010000D    171
     508                       1       1                               0D    172
     508      96                                                00010000D    173
     508                       1       1                               0D    174
     508      97                                                00010000D    175
     508                       1       1                               0D    176
     508      98                                                00010000D    177
     508                       1       1                               0D    178
     508      99                                                00010000D    179
     508                       1       1                               0D    180
     508     100                                                00010000D    181
     508                       2       1                               0D    182
     508     102                                                00010000D    183
     508                       1       1                               0D    184
     508     103                                                00010000D    185
     508                       1       1                               0D    186
     508     104                                                00010000D    187
     508                       2       1                               0D    188
     508     106                                                00010000D    189
     508                       2       1                               0D    190
     508     108                                                00010000D    191
     508                       1       1                               0D    192
     508     109                                                00010000D    193
     508                       1       1                               0D    194
     508     110                                                00010000D    195
     508                       1       1                               0D    196
     508     111                                                00010000D    197
     508                       1       1                               0D    198
     508     112                                                00010000D    199
     508                       2       1                               0D    200
     508     114                                                00010000D    201
     508                       1       1                               0D    202
     508     115                                                00010000D    203
     508                       1       1                               0D    204
     508     116                                                00010000D    205
     508                       1       1                               0D    206
     508     117                                                00010000D    207
     508                       1       1                               0D    208
     508     118                                                00010000D    209
     508                       1       1                               0D    210
     508     119                                                00010000D    211
     508                       1       1                               0D    212
     508     120                                                00010000D    213
     508                       1       1                               0D    214
     508     121                                                00010000D    215
     508                       1       1                               0D    216
     508     122                                                00010000D    217
     508                       1       1                               0D    218
     508     123                                                00010000D    219
     508                       1       1                               0D    220
     508     124                                                00010000D    221
     508                       1       1                               0D    222
     508     125                                                00010000D    223
     508                       1       1                               0D    224
     508     126                                                00010000D    225
     508                       1       1                               0D    226
     508     127                                                00010000D    227
     508                       1       1                               0D    228
     508     128                                                00010000D    229
     508                       1       1                               0D    230
     508     129                                                00010000D    231
     508                       1       1                               0D    232
     508     130                                                00010000D    233
     508                       1       1                               0D    234
     508     131                                                00010000D    235
     508                       1       1                               0D    236
     508     132                                                00010000D    237
     508                       1       1                               0D    238
     508     133                                                00010000D    239
     508                       1       1                               0D    240
     508     134                                                00010000D    241
     508                       1       1                               0D    242
     508     135                                                00010000D    243
     508                       1       1                               0D    244
     508     136                                                00010000D    245
     508                       1       1                               0D    246
     508     137                                                00010000D    247
     508                       1       1                               0D    248
     126     138                                                00010000D    249
     126       0              15       0                               0D    250
     126     153                                                00010000D    251
     126       0              15       0                               0D    252
     126     168                                                00010000D    253
     126       0              15       0                               0D    254
     126     183                                                00010000D    255
     126       0              15       0                               0D    256
     126     198                                                00010000D    257
     126       0              15       0                               0D    258
     126     213                                                00010000D    259
     126       0              15       0                               0D    260
     126     228                                                00010000D    261
     126       0               4       0                               0D    262
     126     232                                                00010000D    263
     126       0              10       0                               0D    264
     126     242                                                00010000D    265
     126       0              10       0                               0D    266
     126     252                                                00010000D    267
     126       0               5       0                               0D    268
     126     257                                                00010000D    269
     126       0               4       0                               0D    270
     126     261                                                00010000D    271
     126       0              10       0                               0D    272
     126     271                                                00010000D    273
     126       0              10       0                               0D    274
     126     281                                                00010000D    275
     126       0               4       0                               0D    276
     126     285                                                00010000D    277
     126       0               5       0                               0D    278
     126     290                                                00010000D    279
     126       0               4       0                               0D    280
     126     294                                                00010000D    281
     126       0               4       0                               0D    282
     126     298                                                00010000D    283
     126       0               5       0                               0D    284
     126     303                                                00010000D    285
     126       0               5       0                               0D    286
     126     308                                                00010000D    287
     126       0               5       0                               0D    288
     126     313                                                00010000D    289
     126       0               5       0                               0D    290
     126     318                                                00010000D    291
     126       0               5       0                               0D    292
     126     323                                                00010000D    293
     126       0              10       0                               0D    294
     126     333                                                00010000D    295
     126       0               4       0                               0D    296
     126     337                                                00010000D    297
     126       0              10       0                               0D    298
     126     347                                                00010000D    299
     126       0               5       0                               0D    300
     126     352                                                00010000D    301
     126       0               5       0                               0D    302
     126     357                                                00010000D    303
     126       0               5       0                               0D    304
     126     362                                                00010000D    305
     126       0               7       0                               0D    306
     126     369                                                00010000D    307
     126       0               5       0                               0D    308
     126     374                                                00010000D    309
     126       0               7       0                               0D    310
     126     381                                                00010000D    311
     126       0               5       0                               0D    312
     126     386                                                00010000D    313
     126       0              16       0                               0D    314
     126     402                                                00010000D    315
     126       0              16       0                               0D    316
     126     418                                                00010000D    317
     126       0               7       0                               0D    318
     126     425                                                00010000D    319
     126       0               7       0                               0D    320
     126     432                                                00010000D    321
     126       0               3       0                               0D    322
     126     435                                                00010000D    323
     126       0               4       0                               0D    324
     126     439                                                00010000D    325
     126       0               3       0                               0D    326
     126     442                                                00010000D    327
     126       0               4       0                               0D    328
     126     446                                                00010000D    329
     126       0               4       0                               0D    330
     126     450                                                00010000D    331
     126       0               5       0                               0D    332
     126     455                                                00010000D    333
     126       0               5       0                               0D    334
     126     460                                                00010000D    335
     126       0               4       0                               0D    336
     126     464                                                00010000D    337
     126       0               5       0                               0D    338
     126     469                                                00010000D    339
     126       0               5       0                               0D    340
     126     474                                                00010000D    341
     126       0               4       0                               0D    342
     126     478                                                00010000D    343
     126       0               4       0                               0D    344
     126     482                                                00010000D    345
     126       0               5       0                               0D    346
     126     487                                                00010000D    347
     126       0               5       0                               0D    348
     126     492                                                00010000D    349
     126       0              13       0                               0D    350
     126     505                                                00010000D    351
     126       0               5       0                               0D    352
     126     510                                                00010000D    353
     126       0              13       0                               0D    354
     126     523                                                00010000D    355
     126       0               5       0                               0D    356
     126     528                                                00010000D    357
     126       0              75       0                               0D    358
     126     603                                                00010000D    359
     126       0               5       0                               0D    360
     126     608                                                00010000D    361
     126       0              15       0                               0D    362
     126     623                                                00010000D    363
     126       0               7       0                               0D    364
     126     630                                                00010000D    365
     126       0               5       0                               0D    366
     126     635                                                00010000D    367
     126       0               7       0                               0D    368
     126     642                                                00010000D    369
     126       0              17       0                               0D    370
     126     659                                                00010000D    371
     126       0              15       0                               0D    372
     126     674                                                00010000D    373
     126       0              13       0                               0D    374
     126     687                                                00010000D    375
     126       0               5       0                               0D    376
     126     692                                                00010000D    377
     126       0              13       0                               0D    378
     126     705                                                00010000D    379
     126       0               5       0                               0D    380
     126     710                                                00010000D    381
     126       0              15       0                               0D    382
     126     725                                                00010000D    383
     126       0               5       0                               0D    384
     126     730                                                00010000D    385
     126       0              15       0                               0D    386
     126     745                                                00010000D    387
     126       0               7       0                               0D    388
     126     752                                                00010000D    389
     126       0               5       0                               0D    390
     126     757                                                00010000D    391
     126       0               7       0                               0D    392
     126     764                                                00010000D    393
     126       0              16       0                               0D    394
     126     780                                                00010000D    395
     126       0              15       0                               0D    396
     126     795                                                00010000D    397
     126       0               3       0                               0D    398
     126     798                                                00010000D    399
     126       0               3       0                               0D    400
     126     801                                                00010000D    401
     126       0               3       0                               0D    402
     126     804                                                00010000D    403
     126       0               3       0                               0D    404
     126     807                                                00010000D    405
     126       0              15       0                               0D    406
     126     822                                                00010000D    407
     126       0              15       0                               0D    408
     126     837                                                00010000D    409
     126       0               5       0                               0D    410
     126     842                                                00010000D    411
     126       0               3       0                               0D    412
     126     845                                                00010000D    413
     126       0               3       0                               0D    414
     126     848                                                00010000D    415
     126       0               3       0                               0D    416
     126     851                                                00010000D    417
     126       0               3       0                               0D    418
     126     854                                                00010000D    419
     126       0               3       0                               0D    420
     126     857                                                00010000D    421
     126       0               3       0                               0D    422
     126     860                                                00010000D    423
     126       0               3       0                               0D    424
     126     863                                                00010000D    425
     126       0               3       0                               0D    426
     126     866                                                00010000D    427
     126       0              15       0                               0D    428
     126     881                                                00010000D    429
     126       0               5       0                               0D    430
     126     886                                                00010000D    431
     126       0              15       0                               0D    432
     126     901                                                00010000D    433
     126       0               5       0                               0D    434
     126     906                                                00010000D    435
     126       0               5       0                               0D    436
     126     911                                                00010000D    437
     126       0               5       0                               0D    438
     126     916                                                00010000D    439
     126       0               4       0                               0D    440
     126     920                                                00010000D    441
     126       0               5       0                               0D    442
     126     925                                                00010000D    443
     126       0               4       0                               0D    444
     126     929                                                00010000D    445
     126       0               5       0                               0D    446
     126     934                                                00010000D    447
     126       0               4       0                               0D    448
     126     938                                                00010000D    449
     126       0               4       0                               0D    450
     126     942                                                00010000D    451
     126       0               3       0                               0D    452
     126     945                                                00010000D    453
     126       0               3       0                               0D    454
     126     948                                                00010000D    455
     126       0               3       0                               0D    456
     126     951                                                00010000D    457
     126       0               5       0                               0D    458
     126     956                                                00010000D    459
     126       0               4       0                               0D    460
     126     960                                                00010000D    461
     126       0               4       0                               0D    462
     126     964                                                00010000D    463
     126       0               5       0                               0D    464
     126     969                                                00010000D    465
     126       0               3       0                               0D    466
     126     972                                                00010000D    467
     126       0               5       0                               0D    468
     126     977                                                00010000D    469
     126       0               3       0                               0D    470
     126     980                                                00010000D    471
     126       0               5       0                               0D    472
     126     985                                                00010000D    473
     126       0               5       0                               0D    474
     126     990                                                00010000D    475
     126       0               5       0                               0D    476
     126     995                                                00010000D    477
     126       0               4       0                               0D    478
     126     999                                                00010000D    479
     126       0               5       0                               0D    480
     128    1004                                                00010000D    481
     128       0    -597       9       0                               0D    482
     128    1013                                                00010000D    483
     128       0    -597       9       0                               0D    484
     128    1022                                                00010000D    485
     128       0    -597       6       0                               0D    486
     128    1028                                                00010000D    487
     128       0    -597       7       0                               0D    488
     128    1035                                                00010000D    489
     128       0    -597      26       0                               0D    490
     128    1061                                                00010000D    491
     128       0    -597      27       0                               0D    492
     128    1088                                                00010000D    493
     128       0    -597      26       0                               0D    494
     128    1114                                                00010000D    495
     128       0    -597      26       0                               0D    496
     128    1140                                                00010000D    497
     128       0    -597       8       0                               0D    498
     128    1148                                                00010000D    499
     128       0    -597       9       0                               0D    500
     128    1157                                                00010000D    501
     128       0    -597      16       0                               0D    502
     128    1173                                                00010000D    503
     128       0    -597       7       0                               0D    504
     128    1180                                                00010000D    505
     128       0    -597      12       0                               0D    506
     128    1192                                                00010000D    507
     128       0    -597      27       0                               0D    508
     128    1219                                                00010000D    509
     128       0    -597      12       0                               0D    510
     128    1231                                                00010000D    511
     128       0    -597       8       0                               0D    512
     128    1239                                                00010000D    513
     128       0    -597       8       0                               0D    514
     128    1247                                                00010000D    515
     128       0    -597       9       0                               0D    516
     128    1256                                                00010000D    517
     128       0    -597       7       0                               0D    518
     128    1263                                                00010000D    519
     128       0    -597       8       0                               0D    520
     128    1271                                                00010000D    521
     128       0    -597      23       0                               0D    522
     128    1294                                                00010000D    523
     128       0    -597      27       0                               0D    524
     128    1321                                                00010000D    525
     128       0    -597      12       0                               0D    526
     128    1333                                                00010000D    527
     128       0    -597      26       0                               0D    528
     128    1359                                                00010000D    529
     128       0    -597      23       0                               0D    530
     128    1382                                                00010000D    531
     128       0    -597      27       0                               0D    532
     128    1409                                                00010000D    533
     128       0    -597      12       0                               0D    534
     128    1421                                                00010000D    535
     128       0    -597      26       0                               0D    536
     128    1447                                                00010000D    537
     128       0    -597       8       0                               0D    538
     128    1455                                                00010000D    539
     128       0    -597       8       0                               0D    540
     128    1463                                                00010000D    541
     128       0    -597       9       0                               0D    542
     128    1472                                                00010000D    543
     128       0    -597      28       0                               0D    544
     128    1500                                                00010000D    545
     128       0    -597       6       0                               0D    546
     128    1506                                                00010000D    547
     128       0    -597       8       0                               0D    548
     128    1514                                                00010000D    549
     128       0    -597       6       0                               0D    550
     128    1520                                                00010000D    551
     128       0    -597       6       0                               0D    552
     128    1526                                                00010000D    553
     128       0    -597       7       0                               0D    554
     128    1533                                                00010000D    555
     128       0    -595      28       0                               0D    556
     128    1561                                                00010000D    557
     128       0    -595       9       0                               0D    558
     128    1570                                                00010000D    559
     128       0    -595       8       0                               0D    560
     128    1578                                                00010000D    561
     128       0    -595       7       0                               0D    562
     128    1585                                                00010000D    563
     128       0    -595       7       0                               0D    564
     128    1592                                                00010000D    565
     128       0    -595       8       0                               0D    566
     128    1600                                                00010000D    567
     128       0    -595       8       0                               0D    568
     128    1608                                                00010000D    569
     128       0    -595       7       0                               0D    570
     128    1615                                                00010000D    571
     128       0    -595       9       0                               0D    572
     128    1624                                                00010000D    573
     128       0    -595       7       0                               0D    574
     128    1631                                                00010000D    575
     128       0    -595       9       0                               0D    576
     502    1640                                                00010000D    577
     502                      50       1                               0D    578
     502    1690                                                00010000D    579
     502                      10       1                               0D    580
     502    1700                                                00010000D    581
     502                      18       1                               0D    582
     504    1718                                                00010001D    583
     504                      21       1                               0D    584
     504    1739                                                00010001D    585
     504                       4       1                               0D    586
     504    1743                                                00010001D    587
     504                       8       1                               0D    588
     406    1751                                                00000000D    589
     406                       1      15                               0D    590
     406    1752                                                00000000D    591
     406                       1      15                               0D    592
     406    1753                                                00000000D    593
     406                       1      15                               0D    594
     314    1754                                                00000200D    595
     314                       2       0                               0D    596
     314    1756                                                00000200D    597
     314                       2       0                               0D    598
     314    1758                                                00000200D    599
     314                       2       0                               0D    600
408,9,0.,0.,0.,1.,0,1,591;                                             1P      1
408,11,0.,0.,0.,1.,0,1,593;                                            3P      2
124,-1.,-1.49011645800552D-8,-9.86076131526245D-32,                    5P      3
-78.0000028759254,1.49011645800552D-8,-1.,1.46936639490999D-39,        5P      4
21.0000009685756,-9.86076131526245D-32,-1.87752368833926D-45,1.,       5P      5
1.50000010430851;                                                      5P      6
124,-1.,-1.22464679914735D-16,0.,-78.0000011622906,                    7P      7
1.22464679914735D-16,-1.,0.,20.0000002980232,0.,0.,1.,0.;              7P      8
308,0,14HComponent1 (1),1,13;                                          9P      9
308,0,10HComponent9,1,15;                                             11P     10
186,19,1,0,0,1,589;                                                   13P     11
186,21,1,0,0,1,589;                                                   15P     12
186,23,1,0,0,1,589;                                                   17P     13
514,30,25,1,27,1,29,1,31,1,33,1,35,1,37,1,39,1,41,1,43,1,45,1,        19P     14
47,1,49,1,51,1,53,1,55,1,57,1,59,1,61,1,63,1,65,1,67,1,69,1,71,       19P     15
1,73,1,75,1,77,1,79,1,81,1,83,1;                                      19P     16
514,7,85,1,87,1,89,1,91,1,93,1,95,1,97,1;                             21P     17
514,11,99,1,101,1,103,1,105,1,107,1,109,1,111,1,113,1,115,1,117,      23P     18
1,119,1;                                                              23P     19
510,481,1,1,121;                                                      25P     20
510,483,1,1,123;                                                      27P     21
510,485,2,1,125,127;                                                  29P     22
510,487,2,1,129,131;                                                  31P     23
510,489,1,1,133;                                                      33P     24
510,491,1,1,135;                                                      35P     25
510,493,1,1,137;                                                      37P     26
510,495,1,1,139;                                                      39P     27
510,497,1,1,141;                                                      41P     28
510,499,1,1,143;                                                      43P     29
510,501,1,1,145;                                                      45P     30
510,503,1,1,147;                                                      47P     31
510,505,1,1,149;                                                      49P     32
510,507,1,1,151;                                                      51P     33
510,509,1,1,153;                                                      53P     34
510,511,1,1,155;                                                      55P     35
510,513,1,1,157;                                                      57P     36
510,515,1,1,159;                                                      59P     37
510,517,1,1,161;                                                      61P     38
510,519,1,1,163;                                                      63P     39
510,521,1,1,165;                                                      65P     40
510,523,1,1,167;                                                      67P     41
510,525,1,1,169;                                                      69P     42
510,527,1,1,171;                                                      71P     43
510,529,1,1,173;                                                      73P     44
510,531,1,1,175;                                                      75P     45
510,533,1,1,177;                                                      77P     46
510,535,1,1,179;                                                      79P     47
510,537,4,1,181,183,185,187;                                          81P     48
510,539,6,1,189,191,193,195,197,199;                                  83P     49
510,541,2,1,201,203;                                                  85P     50
510,543,1,1,205;                                                      87P     51
510,545,1,1,207;                                                      89P     52
510,547,1,1,209;                                                      91P     53
510,549,1,1,211;                                                      93P     54
510,551,1,1,213;                                                      95P     55
510,553,2,1,215,217;                                                  97P     56
510,555,1,1,219;                                                      99P     57
510,557,2,1,221,223;                                                 101P     58
510,559,1,1,225;                                                     103P     59
510,561,1,1,227;                                                     105P     60
510,563,2,1,229,231;                                                 107P     61
510,565,1,1,233;                                                     109P     62
510,567,2,1,235,237;                                                 111P     63
510,569,1,1,239;                                                     113P     64
510,571,1,1,241;                                                     115P     65
510,573,1,1,243;                                                     117P     66
510,575,2,1,245,247;                                                 119P     67
508,1,0,583,1,0,0;                                                   121P     68
508,1,0,583,2,0,0;                                                   123P     69
508,1,0,583,3,1,0;                                                   125P     70
508,1,0,583,4,1,0;                                                   127P     71
508,1,0,583,5,1,0;                                                   129P     72
508,1,0,583,6,1,0;                                                   131P     73
508,5,0,583,5,0,0,0,583,7,1,0,0,583,8,0,0,0,583,9,0,0,0,583,7,0,     133P     74
0;                                                                   133P     75
508,4,0,583,6,0,0,0,583,10,1,0,0,583,2,1,0,0,583,10,0,0;             135P     76
508,5,0,583,3,0,0,0,583,11,1,0,0,583,12,0,0,0,583,13,0,0,0,583,      137P     77
11,0,0;                                                              137P     78
508,4,0,583,4,0,0,0,583,14,1,0,0,583,1,1,0,0,583,14,0,0;             139P     79
508,4,0,583,15,1,0,0,583,16,1,0,0,583,17,0,0,0,583,18,0,0;           141P     80
508,4,0,583,19,0,0,0,583,20,0,0,0,583,21,0,0,0,583,22,0,0;           143P     81
508,4,0,583,23,0,0,0,583,24,0,0,0,583,25,0,0,0,583,21,1,0;           145P     82
508,4,0,583,26,0,0,0,583,27,0,0,0,583,24,1,0,0,583,28,0,0;           147P     83
508,4,0,583,29,1,0,0,583,30,1,0,0,583,31,1,0,0,583,26,1,0;           149P     84
508,4,0,583,32,0,0,0,583,33,0,0,0,583,30,0,0,0,583,34,0,0;           151P     85
508,4,0,583,35,1,0,0,583,19,1,0,0,583,36,1,0,0,583,32,1,0;           153P     86
508,4,0,583,37,1,0,0,583,38,1,0,0,583,39,1,0,0,583,17,1,0;           155P     87
508,4,0,583,40,1,0,0,583,41,1,0,0,583,38,0,0,0,583,42,0,0;           157P     88
508,4,0,583,43,1,0,0,583,44,1,0,0,583,45,1,0,0,583,46,1,0;           159P     89
508,4,0,583,40,0,0,0,583,47,1,0,0,583,44,0,0,0,583,48,0,0;           161P     90
508,4,0,583,15,0,0,0,583,49,1,0,0,583,46,0,0,0,583,50,0,0;           163P     91
508,4,0,583,51,0,0,0,583,52,0,0,0,583,53,0,0,0,583,54,1,0;           165P     92
508,4,0,583,55,0,0,0,583,56,0,0,0,583,57,0,0,0,583,52,1,0;           167P     93
508,4,0,583,58,0,0,0,583,59,0,0,0,583,60,0,0,0,583,56,1,0;           169P     94
508,4,0,583,61,0,0,0,583,54,0,0,0,583,62,0,0,0,583,59,1,0;           171P     95
508,4,0,583,63,0,0,0,583,64,0,0,0,583,65,0,0,0,583,66,1,0;           173P     96
508,4,0,583,67,0,0,0,583,68,0,0,0,583,69,0,0,0,583,64,1,0;           175P     97
508,4,0,583,70,0,0,0,583,71,0,0,0,583,72,0,0,0,583,68,1,0;           177P     98
508,4,0,583,73,0,0,0,583,66,0,0,0,583,74,0,0,0,583,71,1,0;           179P     99
508,6,0,583,42,1,0,0,583,37,0,0,0,583,16,0,0,0,583,50,1,0,0,583,     181P    100
45,0,0,0,583,47,0,0;                                                 181P    101
508,4,0,583,69,1,0,0,583,72,1,0,0,583,74,1,0,0,583,65,1,0;           183P    102
508,4,0,583,57,1,0,0,583,60,1,0,0,583,62,1,0,0,583,53,1,0;           185P    103
508,6,0,583,36,0,0,0,583,22,1,0,0,583,25,1,0,0,583,27,1,0,0,583,     187P    104
31,0,0,0,583,33,1,0;                                                 187P    105
508,6,0,583,18,1,0,0,583,39,0,0,0,583,41,0,0,0,583,48,1,0,0,583,     189P    106
43,0,0,0,583,49,0,0;                                                 189P    107
508,2,0,583,12,1,0,0,583,13,1,0;                                     191P    108
508,2,0,583,8,1,0,0,583,9,1,0;                                       193P    109
508,4,0,583,67,1,0,0,583,63,1,0,0,583,73,1,0,0,583,70,1,0;           195P    110
508,4,0,583,55,1,0,0,583,51,1,0,0,583,61,1,0,0,583,58,1,0;           197P    111
508,6,0,583,35,0,0,0,583,34,1,0,0,583,29,0,0,0,583,28,1,0,0,583,     199P    112
23,1,0,0,583,20,1,0;                                                 199P    113
508,4,0,585,1,1,0,0,585,2,1,0,0,585,3,1,0,0,585,4,1,0;               201P    114
508,1,0,585,5,1,0;                                                   203P    115
508,4,0,585,6,0,0,0,585,7,1,0,0,585,5,0,0,0,585,7,0,0;               205P    116
508,4,0,585,8,0,0,0,585,9,1,0,0,585,4,0,0,0,585,10,0,0;              207P    117
508,4,0,585,11,0,0,0,585,10,1,0,0,585,3,0,0,0,585,12,0,0;            209P    118
508,4,0,585,13,0,0,0,585,12,1,0,0,585,2,0,0,0,585,14,0,0;            211P    119
508,4,0,585,15,0,0,0,585,14,1,0,0,585,1,0,0,0,585,9,0,0;             213P    120
508,4,0,585,15,1,0,0,585,8,1,0,0,585,11,1,0,0,585,13,1,0;            215P    121
508,1,0,585,6,1,0;                                                   217P    122
508,4,0,587,1,0,0,0,587,2,1,0,0,587,3,0,0,0,587,2,0,0;               219P    123
508,4,0,587,4,1,0,0,587,5,1,0,0,587,6,1,0,0,587,7,1,0;               221P    124
508,4,0,587,8,1,0,0,587,9,1,0,0,587,10,1,0,0,587,11,1,0;             223P    125
508,4,0,587,12,0,0,0,587,13,0,0,0,587,8,0,0,0,587,14,1,0;            225P    126
508,4,0,587,14,0,0,0,587,11,0,0,0,587,15,0,0,0,587,16,0,0;           227P    127
508,4,0,587,17,0,0,0,587,18,0,0,0,587,9,0,0,0,587,13,1,0;            229P    128
508,1,0,587,3,1,0;                                                   231P    129
508,4,0,587,19,0,0,0,587,15,1,0,0,587,10,0,0,0,587,18,1,0;           233P    130
508,4,0,587,20,0,0,0,587,21,0,0,0,587,22,0,0,0,587,5,0,0;            235P    131
508,1,0,587,1,1,0;                                                   237P    132
508,4,0,587,23,1,0,0,587,24,0,0,0,587,20,1,0,0,587,4,0,0;            239P    133
508,4,0,587,25,1,0,0,587,26,0,0,0,587,23,0,0,0,587,7,0,0;            241P    134
508,4,0,587,22,1,0,0,587,27,0,0,0,587,25,0,0,0,587,6,0,0;            243P    135
508,4,0,587,24,1,0,0,587,26,1,0,0,587,27,1,0,0,587,21,1,0;           245P    136
508,4,0,587,12,1,0,0,587,16,1,0,0,587,19,1,0,0,587,17,1,0;           247P    137
126,8,2,0,1,0,0,-3.14159265358979,-3.14159265358979,                 249P    138
-3.14159265358979,-1.57079632679489,-1.57079632679489,               249P    139
5.77315972805081D-15,5.77315972805081D-15,1.5707963267949,           249P    140
1.5707963267949,3.1415926535898,3.1415926535898,3.1415926535898,     249P    141
1.,0.707106781186554,1.,0.707106781186545,1.,0.707106781186554,      249P    142
1.,0.707106781186545,1.,-35.0737368447656,-69.199999554064,          249P    143
-18.4999997913837,-35.0737368224139,-70.6999995540639,               249P    144
-18.4999997913837,-36.5737368224139,-70.6999995764157,               249P    145
-18.4999997913837,-38.0737368224139,-70.6999995987674,               249P    146
-18.4999997913837,-38.0737368447656,-69.1999995987674,               249P    147
-18.4999997913837,-38.0737368671174,-67.6999995987674,               249P    148
-18.4999997913837,-36.5737368671174,-67.6999995764157,               249P    149
-18.4999997913837,-35.0737368671174,-67.699999554064,                249P    150
-18.4999997913837,-35.0737368447656,-69.199999554064,                249P    151
-18.4999997913837,-3.14159265358979,3.1415926535898,0.,0.,0.;        249P    152
126,8,2,0,1,0,0,-3.14159265358979,-3.14159265358979,                 251P    153
-3.14159265358979,-1.5707963267949,-1.5707963267949,0.,0.,           251P    154
1.5707963267949,1.5707963267949,3.14159265358979,                    251P    155
3.14159265358979,3.14159265358979,1.,0.707106781186544,1.,           251P    156
0.707106781186544,1.,0.707106781186544,1.,0.707106781186544,1.,      251P    157
22.8700100018476,-45.195285939174,-18.4999997913837,                 251P    158
22.8700100241993,-46.695285939174,-18.4999997913837,                 251P    159
21.3700100241993,-46.6952859615258,-18.4999997913837,                251P    160
19.8700100241994,-46.6952859838775,-18.4999997913837,                251P    161
19.8700100018476,-45.1952859838775,-18.4999997913837,                251P    162
19.8700099794959,-43.6952859838775,-18.4999997913837,                251P    163
21.3700099794958,-43.6952859615258,-18.4999997913837,                251P    164
22.8700099794958,-43.695285939174,-18.4999997913837,                 251P    165
22.8700100018476,-45.195285939174,-18.4999997913837,                 251P    166
-3.14159265358979,3.14159265358979,0.,0.,0.;                         251P    167
126,8,2,0,1,0,0,-3.14159265358979,-3.14159265358979,                 253P    168
-3.14159265358979,-1.5707963267949,-1.5707963267949,0.,0.,           253P    169
1.5707963267949,1.5707963267949,3.14159265358979,                    253P    170
3.14159265358979,3.14159265358979,1.,0.70710678118655,1.,            253P    171
0.70710678118655,1.,0.70710678118655,1.,0.70710678118655,1.,         253P    172
-34.0737368447656,-69.1999995391628,-7.56499979138371,               253P    173
-34.0737368820185,-66.6999995391628,-7.56499979138371,               253P    174
-36.5737368820185,-66.6999995764157,-7.56499979138371,               253P    175
-39.0737368820185,-66.6999996136686,-7.56499979138371,               253P    176
-39.0737368447656,-69.1999996136686,-7.56499979138371,               253P    177
-39.0737368075127,-71.6999996136686,-7.56499979138371,               253P    178
-36.5737368075127,-71.6999995764157,-7.56499979138371,               253P    179
-34.0737368075127,-71.6999995391628,-7.56499979138371,               253P    180
-34.0737368447656,-69.1999995391628,-7.56499979138371,               253P    181
-3.14159265358979,3.14159265358979,0.,0.,0.;                         253P    182
126,8,2,0,1,0,0,-3.14159265358979,-3.14159265358979,                 255P    183
-3.14159265358979,-1.5707963267949,-1.5707963267949,0.,0.,           255P    184
1.5707963267949,1.5707963267949,3.14159265358979,                    255P    185
3.14159265358979,3.14159265358979,1.,0.707106781186545,1.,           255P    186
0.707106781186554,1.,0.707106781186545,1.,0.707106781186554,1.,      255P    187
-35.0737368447656,-69.1999995540639,-7.56499979138371,               255P    188
-35.0737368224139,-70.6999995540639,-7.56499979138371,               255P    189
-36.5737368224139,-70.6999995764157,-7.56499979138371,               255P    190
-38.0737368224139,-70.6999995987674,-7.56499979138371,               255P    191
-38.0737368447656,-69.1999995987674,-7.56499979138371,               255P    192
-38.0737368671174,-67.6999995987674,-7.56499979138371,               255P    193
-36.5737368671174,-67.6999995764157,-7.56499979138371,               255P    194
-35.0737368671174,-67.6999995540639,-7.56499979138371,               255P    195
-35.0737368447656,-69.1999995540639,-7.56499979138371,               255P    196
-3.14159265358979,3.14159265358979,0.,0.,0.;                         255P    197
126,8,2,0,1,0,0,-3.14159265358979,-3.14159265358979,                 257P    198
-3.14159265358979,-1.5707963267949,-1.5707963267949,0.,0.,           257P    199
1.5707963267949,1.5707963267949,3.14159265358979,                    257P    200
3.14159265358979,3.14159265358979,1.,0.70710678118655,1.,            257P    201
0.707106781186547,1.,0.70710678118655,1.,0.70710678118655,1.,        257P    202
23.8700100018476,-45.1952859242729,-7.56499979138371,                257P    203
23.8700099645947,-42.6952859242729,-7.56499979138371,                257P    204
21.3700099645947,-42.6952859615258,-7.56499979138371,                257P    205
18.8700099645947,-42.6952859987787,-7.56499979138371,                257P    206
18.8700100018476,-45.1952859987787,-7.56499979138371,                257P    207
18.8700100391005,-47.6952859987787,-7.56499979138371,                257P    208
21.3700100391005,-47.6952859615258,-7.56499979138371,                257P    209
23.8700100391005,-47.6952859242729,-7.56499979138371,                257P    210
23.8700100018476,-45.1952859242729,-7.56499979138371,                257P    211
-3.14159265358979,3.14159265358979,0.,0.,0.;                         257P    212
126,8,2,0,1,0,0,-3.14159265358979,-3.14159265358979,                 259P    213
-3.14159265358979,-1.5707963267949,-1.5707963267949,0.,0.,           259P    214
1.5707963267949,1.5707963267949,3.14159265358979,                    259P    215
3.14159265358979,3.14159265358979,1.,0.707106781186544,1.,           259P    216
0.707106781186544,1.,0.707106781186544,1.,0.707106781186544,1.,      259P    217
22.8700100018476,-45.195285939174,-7.56499979138371,                 259P    218
22.8700100241993,-46.695285939174,-7.56499979138371,                 259P    219
21.3700100241993,-46.6952859615258,-7.56499979138371,                259P    220
19.8700100241994,-46.6952859838775,-7.56499979138371,                259P    221
19.8700100018476,-45.1952859838775,-7.56499979138371,                259P    222
19.8700099794959,-43.6952859838775,-7.56499979138371,                259P    223
21.3700099794958,-43.6952859615258,-7.56499979138371,                259P    224
22.8700099794958,-43.695285939174,-7.56499979138371,                 259P    225
22.8700100018476,-45.195285939174,-7.56499979138371,                 259P    226
-3.14159265358979,3.14159265358979,0.,0.,0.;                         259P    227
126,1,1,0,0,1,0,-4.974,-4.974,-0.599999958276724,                    261P    228
-0.599999958276724,1.,1.,23.8700100018476,-45.1952859242729,         261P    229
-7.56499979138371,23.8700100018476,-45.1952859242729,                261P    230
-18.4999998956919,-4.974,-0.599999958276724,0.,0.,0.;                261P    231
126,4,2,0,0,0,0,-3.14159265358979,-3.14159265358979,                 263P    232
-3.14159265358979,-1.57079632679489,-1.57079632679489,               263P    233
3.38620762298297D-15,3.38620762298297D-15,3.38620762298297D-15,      263P    234
1.,0.707106781186542,1.,0.707106781186546,1.,18.8700100018476,       263P    235
-45.1952859987787,-18.4999998956919,18.8700099645947,                263P    236
-42.6952859987787,-18.4999998956919,21.3700099645947,                263P    237
-42.6952859615258,-18.4999998956919,23.8700099645947,                263P    238
-42.6952859242729,-18.4999998956919,23.8700100018476,                263P    239
-45.1952859242729,-18.4999998956919,-3.14159265358979,               263P    240
3.38620762298297D-15,0.,0.,0.;                                       263P    241
126,4,2,0,0,0,0,3.38620762298297D-15,3.38620762298297D-15,           265P    242
3.38620762298297D-15,1.5707963267949,1.5707963267949,                265P    243
3.14159265358979,3.14159265358979,3.14159265358979,1.,               265P    244
0.707106781186543,1.,0.707106781186552,1.,23.8700100018476,          265P    245
-45.1952859242729,-18.4999998956919,23.8700100391005,                265P    246
-47.6952859242729,-18.4999998956919,21.3700100391005,                265P    247
-47.6952859615258,-18.4999998956919,18.8700100391005,                265P    248
-47.6952859987787,-18.4999998956919,18.8700100018476,                265P    249
-45.1952859987787,-18.4999998956919,3.38620762298297D-15,            265P    250
3.14159265358979,0.,0.,0.;                                           265P    251
126,1,1,0,0,1,0,-8.29000000000008,-8.29000000000008,                 267P    252
-1.00000000000001,-1.00000000000001,1.,1.,22.8700100018476,          267P    253
-45.195285939174,-7.56499979138371,22.8700100018476,                 267P    254
-45.195285939174,-18.4999997913837,-8.29000000000008,                267P    255
-1.00000000000001,0.,0.,0.;                                          267P    256
126,1,1,0,0,1,0,-4.974,-4.974,-0.599999958276724,                    269P    257
-0.599999958276724,1.,1.,-34.0737368447656,-69.1999995391628,        269P    258
-7.56499979138371,-34.0737368447656,-69.1999995391628,               269P    259
-18.4999998956919,-4.974,-0.599999958276724,0.,0.,0.;                269P    260
126,4,2,0,0,0,0,-3.14159265358979,-3.14159265358979,                 271P    261
-3.14159265358979,-1.5707963267949,-1.5707963267949,                 271P    262
-1.66506054163163D-16,-1.66506054163163D-16,                         271P    263
-1.66506054163163D-16,1.,0.70710678118655,1.,0.70710678118655,       271P    264
1.,-39.0737368447656,-69.1999996136686,-18.4999998956919,            271P    265
-39.0737368820185,-66.6999996136686,-18.4999998956919,               271P    266
-36.5737368820185,-66.6999995764157,-18.4999998956919,               271P    267
-34.0737368820185,-66.6999995391628,-18.4999998956919,               271P    268
-34.0737368447656,-69.1999995391628,-18.4999998956919,               271P    269
-3.14159265358979,-1.66506054163163D-16,0.,0.,0.;                    271P    270
126,4,2,0,0,0,0,-1.66506054163163D-16,-1.66506054163163D-16,         273P    271
-1.66506054163163D-16,1.5707963267949,1.5707963267949,               273P    272
3.14159265358979,3.14159265358979,3.14159265358979,1.,               273P    273
0.70710678118655,1.,0.70710678118655,1.,-34.0737368447656,           273P    274
-69.1999995391628,-18.4999998956919,-34.0737368075127,               273P    275
-71.6999995391628,-18.4999998956919,-36.5737368075127,               273P    276
-71.6999995764157,-18.4999998956919,-39.0737368075127,               273P    277
-71.6999996136686,-18.4999998956919,-39.0737368447656,               273P    278
-69.1999996136686,-18.4999998956919,-1.66506054163163D-16,           273P    279
3.14159265358979,0.,0.,0.;                                           273P    280
126,1,1,0,0,1,0,-8.29000000000003,-8.29000000000003,-1.,-1.,1.,      275P    281
1.,-35.0737368447656,-69.1999995540639,-7.56499979138371,            275P    282
-35.0737368447656,-69.1999995540639,-18.4999997913837,               275P    283
-8.29000000000003,-1.,0.,0.,0.;                                      275P    284
126,1,1,0,0,1,0,1.62500000521541,1.62500000521541,                   277P    285
1.77499999478459,1.77499999478459,1.,1.,31.0000001788139,            277P    286
-74.9999987184998,-18.4999998956919,31.0000001788139,                277P    287
-74.9999987184998,-19.9999997913837,1.62500000521541,                277P    288
1.77499999478459,0.,0.,0.;                                           277P    289
126,1,1,0,0,1,0,1.30000012815002,1.30000012815002,9.,9.,1.,1.,       279P    290
31.0000001788139,-74.9999987184998,-19.9999997913837,                279P    291
31.0000001788138,2.00000000000001,-19.9999997913837,                 279P    292
1.30000012815002,9.,0.,0.,0.;                                        279P    293
126,1,1,0,0,1,0,0.,0.,0.14999998956918,0.14999998956918,1.,1.,       281P    294
31.0000001788139,2.00000000000001,-18.4999998956919,                 281P    295
31.0000001788139,2.00000000000001,-19.9999997913837,0.,              281P    296
0.14999998956918,0.,0.,0.;                                           281P    297
126,1,1,0,0,1,0,-7.59999987184998,-7.59999987184998,                 283P    298
0.0999999999999996,0.0999999999999996,1.,1.,31.0000001788139,        283P    299
-74.9999987184998,-18.4999998956919,31.0000001788139,                283P    300
2.00000000000001,-18.4999998956919,-7.59999987184998,                283P    301
0.0999999999999996,0.,0.,0.;                                         283P    302
126,1,1,0,0,1,0,-0.14999998956923,-0.14999998956923,                 285P    303
-4.9960036108132D-14,-4.9960036108132D-14,1.,1.,                     285P    304
-10.4999998320548,-62.3619068763709,-18.4999998956919,               285P    305
-10.4999998320548,-62.3619068763709,-19.9999997913837,               285P    306
-0.14999998956923,-4.9960036108132D-14,0.,0.,0.;                     285P    307
126,1,1,0,0,1,0,0.76650614730949,0.76650614730949,                   287P    308
1.23031587345313,1.23031587345313,1.,1.,-10.4999998408033,           287P    309
-67.0000041378073,-18.4999998956919,-10.4999998320548,               287P    310
-62.3619068763709,-18.4999998956919,0.76650614730949,                287P    311
1.23031587345313,0.,0.,0.;                                           287P    312
126,1,1,0,0,1,0,4.2854608750531D-14,4.2854608750531D-14,             289P    313
0.149999989569231,0.149999989569231,1.,1.,-10.4999998408032,         289P    314
-67.0000041378073,-19.9999997913838,-10.4999998408032,               289P    315
-67.0000041378073,-18.4999998956919,4.2854608750531D-14,             289P    316
0.149999989569231,0.,0.,0.;                                          289P    317
126,1,1,0,0,1,0,-1.23031586647409,-1.23031586647409,                 291P    318
-0.76650614033045,-0.76650614033045,1.,1.,-10.4999998320548,         291P    319
-62.3619068763709,-19.9999997913837,-10.4999998408033,               291P    320
-67.0000041378073,-19.9999997913837,-1.23031586647409,               291P    321
-0.76650614033045,0.,0.,0.;                                          291P    322
126,4,2,0,0,0,0,1.88624227348522D-9,1.88624227348522D-9,             293P    323
1.88624227348522D-9,1.57079632868112,1.57079632868112,               293P    324
3.14159265547599,3.14159265547599,3.14159265547599,1.,               293P    325
0.707106781186563,1.,0.707106781186548,1.,-5.49999994944947,         293P    326
-67.0000041472384,-18.4999998956919,-5.49999995416508,               293P    327
-69.5000041472383,-18.4999998956919,-7.99999995416501,               293P    328
-69.5000041425228,-18.4999998956919,-10.4999999541649,               293P    329
-69.5000041378073,-18.4999998956919,-10.4999999494495,               293P    330
-67.0000041378073,-18.4999998956919,1.88624227348522D-9,             293P    331
3.14159265547599,0.,0.,0.;                                           293P    332
126,1,1,0,0,1,0,0.,0.,0.14999998956923,0.14999998956923,1.,1.,       295P    333
-5.49999994944946,-67.0000041472384,-19.9999997913842,               295P    334
-5.49999994944946,-67.0000041472384,-18.4999998956919,0.,            295P    335
0.14999998956923,0.,0.,0.;                                           295P    336
126,4,2,0,0,0,0,-3.14159265547599,-3.14159265547599,                 297P    337
-3.14159265547599,-1.57079632868112,-1.57079632868112,               297P    338
-1.88624227348522D-9,-1.88624227348522D-9,-1.88624227348522D-9,      297P    339
1.,0.707106781186548,1.,0.707106781186563,1.,-10.4999999494495,      297P    340
-67.0000041378073,-19.9999997913837,-10.4999999541649,               297P    341
-69.5000041378073,-19.9999997913837,-7.99999995416501,               297P    342
-69.5000041425228,-19.9999997913837,-5.49999995416508,               297P    343
-69.5000041472383,-19.9999997913837,-5.49999994944947,               297P    344
-67.0000041472384,-19.9999997913837,-3.14159265547599,               297P    345
-1.88624227348522D-9,0.,0.,0.;                                       297P    346
126,1,1,0,0,1,0,4.9960036108132D-14,4.9960036108132D-14,             299P    347
0.14999998956923,0.14999998956923,1.,1.,-5.50000002957629,           299P    348
-62.3619069075332,-19.9999997913837,-5.50000002957629,               299P    349
-62.3619069075332,-18.4999998956919,4.9960036108132D-14,             299P    350
0.14999998956923,0.,0.,0.;                                           299P    351
126,1,1,0,0,1,0,1.04999982243883,1.04999982243883,                   301P    352
1.51380954640935,1.51380954640935,1.,1.,-5.49999994944946,           301P    353
-67.0000041472384,-19.9999997913837,-5.50000002957629,               301P    354
-62.3619069075332,-19.9999997913837,1.04999982243883,                301P    355
1.51380954640935,0.,0.,0.;                                           301P    356
126,1,1,0,0,1,0,-1.5138094824889,-1.5138094824889,                   303P    357
-1.04999975851838,-1.04999975851838,1.,1.,-5.50000002957629,         303P    358
-62.3619069075332,-18.4999998956919,-5.49999994944946,               303P    359
-67.0000041472384,-18.4999998956919,-1.5138094824889,                303P    360
-1.04999975851838,0.,0.,0.;                                          303P    361
126,2,2,0,0,0,0,-0.436286944584852,-0.436286944584852,               305P    362
-0.436286944584852,0.436286944584836,0.436286944584836,              305P    363
0.436286944584836,1.,0.906326959624081,1.,-5.50000002957629,         305P    364
-62.3619069075332,-18.4999998956919,-5.50000004568606,               305P    365
-61.4294020557866,-18.4999998956919,-4.785714287008,                 305P    366
-60.8299346642791,-18.4999998956919,-0.436286944584852,              305P    367
0.436286944584836,0.,0.,0.;                                          305P    368
126,1,1,0,0,1,0,-0.14999998956923,-0.14999998956923,                 307P    369
-4.9960036108132D-14,-4.9960036108132D-14,1.,1.,                     307P    370
-4.78571428700799,-60.8299346642791,-18.4999998956919,               307P    371
-4.78571428700799,-60.8299346642791,-19.9999997913837,               307P    372
-0.14999998956923,-4.9960036108132D-14,0.,0.,0.;                     307P    373
126,2,2,0,0,0,0,-0.436286944584836,-0.436286944584836,               309P    374
-0.436286944584836,0.436286944584852,0.436286944584852,              309P    375
0.436286944584852,1.,0.906326959624081,1.,-4.785714287008,           309P    376
-60.8299346642791,-19.9999997913837,-5.50000004568606,               309P    377
-61.4294020557866,-19.9999997913837,-5.50000002957629,               309P    378
-62.3619069075332,-19.9999997913837,-0.436286944584836,              309P    379
0.436286944584852,0.,0.,0.;                                          309P    380
126,1,1,0,0,1,0,4.9960036108132D-14,4.9960036108132D-14,             311P    381
0.14999998956923,0.14999998956923,1.,1.,-11.2142855744926,           311P    382
-60.8299346640054,-19.9999997913837,-11.2142855744926,               311P    383
-60.8299346640054,-18.4999998956919,4.9960036108132D-14,             311P    384
0.14999998956923,0.,0.,0.;                                           311P    385
126,8,2,0,0,0,0,-0.872573871893895,-0.872573871893895,               313P    386
-0.872573871893895,0.349111227429212,0.349111227429212,              313P    387
1.57079632675232,1.57079632675232,2.79248142607543,                  313P    388
2.79248142607543,4.01416652539853,4.01416652539853,                  313P    389
4.01416652539853,1.,0.819165057688041,1.,0.819165057688042,1.,       313P    390
0.819165057688049,1.,0.81916505768804,1.,-4.785714287008,            313P    391
-60.8299346642791,-19.9999997913837,-2.10409756237132,               313P    392
-58.5793763080327,-19.9999997913837,-3.30161443078702,               313P    393
-55.2896902253523,-19.9999997913837,-4.49913129920272,               313P    394
-52.0000041426719,-19.9999997913837,-7.99999993037435,               313P    395
-52.0000041425228,-19.9999997913837,-11.500868561546,                313P    396
-52.0000041423737,-19.9999997913837,-12.6983854302418,               313P    397
-55.2896902249522,-19.9999997913837,-13.8959022989376,               313P    398
-58.5793763075307,-19.9999997913837,-11.2142855744926,               313P    399
-60.8299346640054,-19.9999997913837,-0.872573871893895,              313P    400
4.01416652539853,0.,0.,0.;                                           313P    401
126,8,2,0,0,0,0,2.26901878178105,2.26901878178105,                   315P    402
2.26901878178105,3.49070388110416,3.49070388110416,                  315P    403
4.71238898042727,4.71238898042727,5.93407407975037,                  315P    404
5.93407407975037,7.15575917907348,7.15575917907348,                  315P    405
7.15575917907348,1.,0.819165057688047,1.,0.819165057688039,1.,       315P    406
0.819165057688044,1.,0.819165057688043,1.,-11.2142855744926,         315P    407
-60.8299346640054,-18.4999998956919,-13.8959022989376,               315P    408
-58.5793763075307,-18.4999998956919,-12.6983854302418,               315P    409
-55.2896902249522,-18.4999998956919,-11.500868561546,                315P    410
-52.0000041423737,-18.4999998956919,-7.99999993037435,               315P    411
-52.0000041425228,-18.4999998956919,-4.49913129920272,               315P    412
-52.0000041426719,-18.4999998956919,-3.30161443078702,               315P    413
-55.2896902253523,-18.4999998956919,-2.10409756237132,               315P    414
-58.5793763080327,-18.4999998956919,-4.785714287008,                 315P    415
-60.8299346642791,-18.4999998956919,2.26901878178105,                315P    416
7.15575917907348,0.,0.,0.;                                           315P    417
126,2,2,0,0,0,0,-0.436286936847485,-0.436286936847485,               317P    418
-0.436286936847485,0.436286936847459,0.436286936847459,              317P    419
0.436286936847459,1.,0.906326962893715,1.,-11.2142855744927,         317P    420
-60.8299346640055,-18.4999998956919,-10.4999998302959,               317P    421
-61.4294020434631,-18.4999998956919,-10.4999998320548,               317P    422
-62.3619068763709,-18.4999998956919,-0.436286936847485,              317P    423
0.436286936847459,0.,0.,0.;                                          317P    424
126,2,2,0,0,0,0,-0.436286936847459,-0.436286936847459,               319P    425
-0.436286936847459,0.436286936847485,0.436286936847485,              319P    426
0.436286936847485,1.,0.906326962893715,1.,-10.4999998320548,         319P    427
-62.3619068763709,-19.9999997913837,-10.4999998302959,               319P    428
-61.4294020434631,-19.9999997913837,-11.2142855744927,               319P    429
-60.8299346640055,-19.9999997913837,-0.436286936847459,              319P    430
0.436286936847485,0.,0.,0.;                                          319P    431
126,1,1,0,0,1,0,-0.2,-0.2,7.6,7.6,1.,1.,31.0000001788139,            321P    432
2.00000000000001,-19.9999997913837,-46.9999998211861,                321P    433
1.99999999999996,-19.9999997913837,-0.2,7.6,0.,0.,0.;                321P    434
126,1,1,0,0,1,0,0.,0.,0.14999998956919,0.14999998956919,1.,1.,       323P    435
-46.9999998211861,1.99999999999998,-19.9999997913838,                323P    436
-46.9999998211861,1.99999999999998,-18.4999998956919,0.,             323P    437
0.14999998956919,0.,0.,0.;                                           323P    438
126,1,1,0,0,1,0,-0.2,-0.2,7.6,7.6,1.,1.,-46.9999998211861,           325P    439
1.99999999999998,-18.4999998956919,31.0000001788139,                 325P    440
2.00000000000003,-18.4999998956919,-0.2,7.6,0.,0.,0.;                325P    441
126,1,1,0,0,1,0,-1.7,-1.7,-1.55000001043082,-1.55000001043082,       327P    442
1.,1.,-46.9999998211861,-74.9999998807907,-19.9999997913838,         327P    443
-46.9999998211861,-74.9999998807907,-18.4999998956919,-1.7,          327P    444
-1.55000001043082,0.,0.,0.;                                          327P    445
126,1,1,0,0,1,0,1.30000001192093,1.30000001192093,9.,9.,1.,1.,       329P    446
-46.9999998211861,-74.9999998807907,-18.4999998956919,               329P    447
-46.9999998211862,1.99999999999998,-18.4999998956919,                329P    448
1.30000001192093,9.,0.,0.,0.;                                        329P    449
126,1,1,0,0,1,0,-7.59999998807907,-7.59999998807907,                 331P    450
0.100000000000001,0.100000000000001,1.,1.,-46.9999998211861,         331P    451
-74.9999998807907,-19.9999997913838,-46.9999998211861,               331P    452
1.99999999999998,-19.9999997913838,-7.59999998807907,                331P    453
0.100000000000001,0.,0.,0.;                                          331P    454
126,1,1,0,0,1,0,-7.70000006777399,-7.70000006777399,                 333P    455
0.0999999902966078,0.0999999902966078,1.,1.,31.0000004318707,        333P    456
-78.9999987184998,-18.4999998956919,-47.0000001488353,               333P    457
-78.9999998807907,-18.4999998956919,-7.70000006777399,               333P    458
0.0999999902966078,0.,0.,0.;                                         333P    459
126,1,1,0,0,1,0,1.55000001043082,1.55000001043082,1.7,1.7,1.,1.,     335P    460
-46.9999997615814,-78.9999998807907,-18.4999998956919,               335P    461
-46.9999997615814,-78.9999998807907,-19.9999997913838,               335P    462
1.55000001043082,1.7,0.,0.,0.;                                       335P    463
126,1,1,0,0,1,0,-3.79999999029661,-3.79999999029661,                 337P    464
4.00000006777399,4.00000006777399,1.,1.,-47.0000001488353,           337P    465
-78.9999998807907,-19.9999997913837,31.0000004318707,                337P    466
-78.9999987184998,-19.9999997913837,-3.79999999029661,               337P    467
4.00000006777399,0.,0.,0.;                                           337P    468
126,1,1,0,0,1,0,-1.77499999478459,-1.77499999478459,                 339P    469
-1.62500000521541,-1.62500000521541,1.,1.,31.0000002384186,          339P    470
-78.9999987184998,-19.9999997913837,31.0000002384186,                339P    471
-78.9999987184998,-18.4999998956919,-1.77499999478459,               339P    472
-1.62500000521541,0.,0.,0.;                                          339P    473
126,1,1,0,0,1,0,1.65793325392421D-15,1.65793325392421D-15,0.4,       341P    474
0.4,1.,1.,-47.0000005960465,-74.9999998807907,-19.9999997913838,     341P    475
-47.0000005364418,-78.9999998807907,-19.9999997913838,               341P    476
1.65793325392421D-15,0.4,0.,0.,0.;                                   341P    477
126,1,1,0,0,1,0,1.65793324068931D-15,1.65793324068931D-15,0.4,       343P    478
0.4,1.,1.,-47.0000005960465,-74.9999998807907,-18.4999998956919,     343P    479
-47.0000005364418,-78.9999998807907,-18.4999998956919,               343P    480
1.65793324068931D-15,0.4,0.,0.,0.;                                   343P    481
126,1,1,0,0,1,0,-3.84877417112041D-16,-3.84877417112041D-16,         345P    482
0.400000000000001,0.400000000000001,1.,1.,31.0000005662441,          345P    483
-74.9999987184998,-18.4999998956919,31.0000006258488,                345P    484
-78.9999987184998,-18.4999998956919,-3.84877417112041D-16,           345P    485
0.400000000000001,0.,0.,0.;                                          345P    486
126,1,1,0,0,1,0,-3.84877417112041D-16,-3.84877417112041D-16,         347P    487
0.400000000000001,0.400000000000001,1.,1.,31.0000005662441,          347P    488
-74.9999987184998,-19.9999997913837,31.0000006258488,                347P    489
-78.9999987184998,-19.9999997913837,-3.84877417112041D-16,           347P    490
0.400000000000001,0.,0.,0.;                                          347P    491
126,6,2,0,0,0,0,-1.98713466857988D-11,-1.98713466857988D-11,         349P    492
-1.98713466857988D-11,1.13068798422118,1.13068798422118,             349P    493
2.26137596846223,2.26137596846223,3.39206395270328,                  349P    494
3.39206395270328,3.39206395270328,1.,0.844404371634746,1.,           349P    495
0.844404371634773,1.,0.844404371634759,1.,26.8462719474021,          349P    496
-72.427891830936,-18.4999998956919,27.5378245569906,                 349P    497
-72.9647833650992,-18.4999998956919,27.3467231624694,                349P    498
-73.8191707411159,-18.4999998956919,27.1556217679482,                349P    499
-74.6735581171326,-18.4999998956919,26.3012364430994,                349P    500
-74.8646686819051,-18.4999998956919,25.4468511182506,                349P    501
-75.0557792466776,-18.4999998956919,24.909952161585,                 349P    502
-74.3642323996629,-18.4999998956919,-1.98713466857988D-11,           349P    503
3.39206395270328,0.,0.,0.;                                           349P    504
126,1,1,0,0,1,0,1.84641017194463,1.84641017194463,                   351P    505
1.99641016151381,1.99641016151381,1.,1.,26.8462719474087,            351P    506
-72.4278918309276,-19.9999997913837,26.8462719474087,                351P    507
-72.4278918309276,-18.4999998956919,1.84641017194463,                351P    508
1.99641016151381,0.,0.,0.;                                           351P    509
126,6,2,0,0,0,0,2.89112135447684,2.89112135447684,                   353P    510
2.89112135447684,4.02180933871771,4.02180933871771,                  353P    511
5.15249732295859,5.15249732295859,6.28318530719946,                  353P    512
6.28318530719946,6.28318530719946,1.,0.844404371634836,1.,           353P    513
0.84440437163481,1.,0.844404371634809,1.,24.9099521615855,           353P    514
-74.3642323996634,-19.9999997913838,25.4468511182514,                353P    515
-75.0557792466777,-19.9999997913838,26.3012364430999,                353P    516
-74.864668681905,-19.9999997913838,27.1556217679484,                 353P    517
-74.6735581171322,-19.9999997913838,27.3467231624694,                353P    518
-73.8191707411156,-19.9999997913838,27.5378245569905,                353P    519
-72.9647833650991,-19.9999997913838,26.8462719474021,                353P    520
-72.427891830936,-19.9999997913838,2.89112135447684,                 353P    521
6.28318530719946,0.,0.,0.;                                           353P    522
126,1,1,0,0,1,0,1.84641017194463,1.84641017194463,                   355P    523
1.99641016151381,1.99641016151381,1.,1.,24.9099524563626,            355P    524
-74.3642327793477,-19.9999997913837,24.9099524563626,                355P    525
-74.3642327793477,-18.4999998956919,1.84641017194463,                355P    526
1.99641016151381,0.,0.,0.;                                           355P    527
126,51,3,0,0,1,0,2.92074858493204D-15,2.92074858493204D-15,          357P    528
2.92074858493204D-15,2.92074858493204D-15,0.0123450422984744,        357P    529
0.0123450422984744,0.0123450422984744,0.0250090905366585,            357P    530
0.0250090905366585,0.0250090905366585,0.0384093201519407,            357P    531
0.0384093201519407,0.0384093201519407,0.0432317814291466,            357P    532
0.0432317814291466,0.0432317814291466,0.0516324744522202,            357P    533
0.0516324744522202,0.0516324744522202,0.060283884142247,             357P    534
0.060283884142247,0.060283884142247,0.0695316937296138,              357P    535
0.0695316937296138,0.0695316937296138,0.0759405461201966,            357P    536
0.0759405461201966,0.0759405461201966,0.0914521239384428,            357P    537
0.0914521239384428,0.0914521239384428,0.106963701756689,             357P    538
0.106963701756689,0.106963701756689,0.122744202883427,               357P    539
0.122744202883427,0.122744202883427,0.138644320348827,               357P    540
0.138644320348827,0.138644320348827,0.154510827570772,               357P    541
0.154510827570772,0.154510827570772,0.16117142194031,                357P    542
0.16117142194031,0.16117142194031,0.178442972598537,                 357P    543
0.178442972598537,0.178442972598537,0.213171190399405,               357P    544
0.213171190399405,0.213171190399405,0.247899408200272,               357P    545
0.247899408200272,0.247899408200272,0.247899408200272,1.,1.,1.,      357P    546
1.,1.,1.,1.,1.,1.,1.,1.,1.,1.,1.,1.,1.,1.,1.,1.,1.,1.,1.,1.,1.,      357P    547
1.,1.,1.,1.,1.,1.,1.,1.,1.,1.,1.,1.,1.,1.,1.,1.,1.,1.,1.,1.,1.,      357P    548
1.,1.,1.,1.,1.,1.,1.,25.4183941526501,-72.1138289945055,             357P    549
-18.4999998956919,25.4576624232488,-72.1015270829429,                357P    550
-18.4999998956919,25.4962337706967,-72.091205182942,                 357P    551
-18.4999998956961,25.5337499284991,-72.0826331721584,                357P    552
-18.4999998957056,25.5722355343508,-72.07383965364,                  357P    553
-18.4999998957154,25.6096102669303,-72.0668870619321,                357P    554
-18.4999998957309,25.6455175608655,-72.0614796841623,                357P    555
-18.4999998957533,25.6835122032219,-72.0557579668749,                357P    556
-18.499999895777,25.7198633410627,-72.0517655450485,                 357P    557
-18.4999998958085,25.7541897783858,-72.0491099687731,                357P    558
-18.4999998958494,25.7665431424345,-72.0481542826301,                357P    559
-18.4999998958641,25.7786346865406,-72.0473714210521,                357P    560
-18.49999989588,25.7904479936777,-72.0467422329695,                  357P    561
-18.4999998958972,25.8110266901444,-72.0456461918336,                357P    562
-18.4999998959272,25.8314440353365,-72.0449720537454,                357P    563
-18.4999998959207,25.8514057380743,-72.0447004760351,                357P    564
-18.4999998959001,25.8719631930392,-72.0444207931532,                357P    565
-18.4999998958788,25.8920372553879,-72.0445676362652,                357P    566
-18.4999998958426,25.9113392912795,-72.0450725753026,                357P    567
-18.4999998958081,25.9319719464154,-72.0456123231862,                357P    568
-18.4999998957712,25.9517221186846,-72.0465606883341,                357P    569
-18.4999998957362,25.9702784490012,-72.0477879541465,                357P    570
-18.499999895715,25.9831382273938,-72.0486384653255,                 357P    571
-18.4999998957002,25.9954255380983,-72.0496218922184,                357P    572
-18.4999998956919,26.0070482232056,-72.0506862620694,                357P    573
-18.4999998956919,26.0351790293955,-72.0532623950125,                357P    574
-18.4999998956919,26.0632698893291,-72.0566620609511,                357P    575
-18.4999998956591,26.0913335413368,-72.0609153750404,                357P    576
-18.4999998956211,26.1193971933445,-72.0651686891298,                357P    577
-18.4999998955831,26.1474346830785,-72.070274648432,                 357P    578
-18.4999998955397,26.1755106121537,-72.0762873545298,                357P    579
-18.4999998955152,26.2040732919531,-72.0824043025581,                357P    580
-18.4999998954902,26.2320038430954,-72.0893084760074,                357P    581
-18.499999895497,26.2594827702831,-72.0969803584153,                 357P    582
-18.4999998955168,26.2871699879829,-72.10471039376,                  357P    583
-18.4999998955367,26.3143990676033,-72.1132200137906,                357P    584
-18.4999998955702,26.3413428564921,-72.1225410360993,                357P    585
-18.4999998956024,26.3682296906253,-72.131842355294,                 357P    586
-18.4999998956345,26.3948328008672,-72.141951798473,                 357P    587
-18.4999998956656,26.4213068951891,-72.1529496700215,                357P    588
-18.4999998956814,26.4324204440699,-72.1575664618768,                357P    589
-18.499999895688,26.4435110193871,-72.1623403932101,                 357P    590
-18.4999998956919,26.4545889200498,-72.1672799022951,                357P    591
-18.4999998956919,26.4833149633829,-72.18008851616,                  357P    592
-18.4999998956919,26.5115927765193,-72.193849318423,                 357P    593
-18.4999998956909,26.5393883072197,-72.2085447513174,                357P    594
-18.4999998956457,26.5952772811257,-72.2380931227598,                357P    595
-18.4999998955546,26.6489556333857,-72.2712779352801,                357P    596
-18.4999998955662,26.7001871582049,-72.3078952931497,                357P    597
-18.4999998956005,26.7514186830241,-72.3445126510192,                357P    598
-18.4999998956348,26.8002042006342,-72.3845631398958,                357P    599
-18.4999998956919,26.8462719474065,-72.4278918309255,                357P    600
-18.4999998956919,2.92074858493204D-15,0.247899408200272,0.,0.,      357P    601
0.;                                                                  357P    602
126,1,1,0,0,1,0,1.84641017194463,1.84641017194463,                   359P    603
1.99641016151381,1.99641016151381,1.,1.,25.4183941526501,            359P    604
-72.1138289945055,-19.9999997913837,25.4183941526501,                359P    605
-72.1138289945055,-18.4999998956919,1.84641017194463,                359P    606
1.99641016151381,0.,0.,0.;                                           359P    607
126,9,3,0,0,1,0,0.,0.,0.,0.,0.034224551601434,0.034224551601434,     361P    608
0.0693600436397779,0.0693600436397779,0.108957875687877,             361P    609
0.108957875687877,0.154168005510253,0.154168005510253,               361P    610
0.154168005510253,0.154168005510253,1.,1.,1.,1.,1.,1.,1.,1.,1.,      361P    611
1.,26.8462719474065,-72.4278918309255,-19.9999997913837,             361P    612
26.7542628288647,-72.3413533099746,-19.9999997913837,                361P    613
26.6510530966256,-72.2675816676142,-19.9999997913837,                361P    614
26.4247513832704,-72.1479364743509,-19.9999997913837,                361P    615
26.3023089369426,-72.1034423262711,-19.9999997901985,                361P    616
26.0326084218701,-72.0456835989567,-19.9999997901985,                361P    617
25.9011026726645,-72.0408486585031,-19.9999997913837,                361P    618
25.6641099558687,-72.0534711181878,-19.9999997913837,                361P    619
25.5391247206637,-72.0760066828028,-19.9999997913837,                361P    620
25.4183941526501,-72.1138289945055,-19.9999997913837,0.,             361P    621
0.154168005510253,0.,0.,0.;                                          361P    622
126,2,2,0,0,0,0,-2.40327239979009D-15,-2.40327239979009D-15,         363P    623
-2.40327239979009D-15,0.785398163397469,0.785398163397469,           363P    624
0.785398163397469,1.,0.923879532511232,1.,24.5958802148674,          363P    625
-72.9363429705558,-18.4999998956919,24.836788961698,                 363P    626
-72.3547377683954,-18.4999998956919,25.4183941526501,                363P    627
-72.1138289945055,-18.4999998956919,-2.40327239979009D-15,           363P    628
0.785398163397469,0.,0.,0.;                                          363P    629
126,1,1,0,0,1,0,1.84641017194463,1.84641017194463,                   365P    630
1.99641016151381,1.99641016151381,1.,1.,24.5958802148675,            365P    631
-72.9363429705558,-19.9999997913837,24.5958802148675,                365P    632
-72.9363429705558,-18.4999998956919,1.84641017194463,                365P    633
1.99641016151381,0.,0.,0.;                                           365P    634
126,2,2,0,0,0,0,-0.785398163397469,-0.785398163397469,               367P    635
-0.785398163397469,2.40327239979009D-15,2.40327239979009D-15,        367P    636
2.40327239979009D-15,1.,0.923879532511232,1.,25.4183941526501,       367P    637
-72.1138289945055,-19.9999997913838,24.836788961698,                 367P    638
-72.3547377683954,-19.9999997913838,24.5958802148674,                367P    639
-72.9363429705558,-19.9999997913838,-0.785398163397469,              367P    640
2.40327239979009D-15,0.,0.,0.;                                       367P    641
126,9,3,0,0,1,0,3.72626489505075D-8,3.72626489505075D-8,             369P    642
3.72626489505075D-8,3.72626489505075D-8,0.0342414602005517,          369P    643
0.0342414602005517,0.0693885484942716,0.0693885484942716,            369P    644
0.108972266279547,0.108972266279547,0.154169742845413,               369P    645
0.154169742845413,0.154169742845413,0.154169742845413,1.,1.,1.,      369P    646
1.,1.,1.,1.,1.,1.,1.,24.9099532215415,-74.3642314932465,             369P    647
-18.4999998956919,24.8233692795831,-74.2721760202437,                369P    648
-18.4999998956919,24.7495693994748,-74.1689145956298,                369P    649
-18.4999998956919,24.6299003892835,-73.9425011817075,                369P    650
-18.4999998956919,24.5854113351861,-73.8200080783949,                369P    651
-18.4999998956919,24.527712023742,-73.5502989899154,                 369P    652
-18.4999998956919,24.5228996950051,-73.4188409681262,                369P    653
-18.4999998956919,24.5355408889779,-73.1819558242161,                369P    654
-18.4999998956919,24.5580735168244,-73.0570237187274,                369P    655
-18.4999998956919,24.5958802148675,-72.9363429705557,                369P    656
-18.4999998956919,3.72626489505075D-8,0.154169742845413,0.,0.,       369P    657
0.;                                                                  369P    658
126,9,3,0,0,1,0,0.,0.,0.,0.,0.0726773870851787,                      371P    659
0.0726773870851787,0.13632786933187,0.13632786933187,                371P    660
0.192844266593941,0.192844266593941,0.247904357074514,               371P    661
0.247904357074514,0.247904357074514,0.247904357074514,1.,1.,1.,      371P    662
1.,1.,1.,1.,1.,1.,1.,24.5958802148675,-72.9363429705557,             371P    663
-19.9999997913837,24.5580735168244,-73.0570237187274,                371P    664
-19.9999997913837,24.5355408889779,-73.1819558242161,                371P    665
-19.9999997913837,24.5228996950051,-73.4188409681262,                371P    666
-19.9999997913837,24.527712023742,-73.5502989899154,                 371P    667
-19.9999997913837,24.5854113351861,-73.8200080783949,                371P    668
-19.9999997913837,24.6299003892835,-73.9425011817075,                371P    669
-19.9999997913837,24.7495693994749,-74.16891459563,                  371P    670
-19.9999997913837,24.8233692795834,-74.2721760202441,                371P    671
-19.9999997913837,24.909953221542,-74.3642314932471,                 371P    672
-19.9999997913837,0.,0.247904357074514,0.,0.,0.;                     371P    673
126,6,2,0,0,0,0,-1.98655169072616D-11,-1.98655169072616D-11,         373P    674
-1.98655169072616D-11,1.13068798422511,1.13068798422511,             373P    675
2.26137596847009,2.26137596847009,3.39206395271507,                  373P    676
3.39206395271507,3.39206395271507,1.,0.844404371633697,1.,           373P    677
0.844404371633703,1.,0.844404371633693,1.,-41.1537290962143,         373P    678
-2.39199445935298,-18.4999998956919,-40.4621764866228,               373P    679
-2.92888599351844,-18.4999998956919,-40.6532778811482,               373P    680
-3.78327336953808,-18.4999998956919,-40.8443792756736,               373P    681
-4.63766074555773,-18.4999998956919,-41.6987646005275,               373P    682
-4.82877131032436,-18.4999998956919,-42.5531499253815,               373P    683
-5.01988187509099,-18.4999998956919,-43.0900488820413,               373P    684
-4.32833502806695,-18.4999998956919,-1.98655169072616D-11,           373P    685
3.39206395271507,0.,0.,0.;                                           373P    686
126,1,1,0,0,1,0,9.14641017194463,9.14641017194463,                   375P    687
9.29641016151381,9.29641016151381,1.,1.,-41.1537290962077,           375P    688
-2.39199445934453,-19.9999997913837,-41.1537290962077,               375P    689
-2.39199445934453,-18.4999998956919,9.14641017194463,                375P    690
9.29641016151381,0.,0.,0.;                                           375P    691
126,6,2,0,0,0,0,2.89112135447694,2.89112135447694,                   377P    692
2.89112135447694,4.02180933871778,4.02180933871778,                  377P    693
5.15249732295862,5.15249732295862,6.28318530719945,                  377P    694
6.28318530719945,6.28318530719945,1.,0.844404371634803,1.,           377P    695
0.844404371634798,1.,0.84440437163482,1.,-43.0900488820308,          377P    696
-4.32833502808049,-19.9999997913837,-42.5531499253649,               377P    697
-5.0198818750947,-19.9999997913837,-41.6987646005164,                377P    698
-4.82877131032186,-19.9999997913837,-40.8443792756679,               377P    699
-4.63766074554903,-19.9999997913837,-40.6532778811469,               377P    700
-3.78327336953251,-19.9999997913837,-40.462176486626,                377P    701
-2.92888599351598,-19.9999997913837,-41.1537290962143,               377P    702
-2.39199445935298,-19.9999997913837,2.89112135447694,                377P    703
6.28318530719945,0.,0.,0.;                                           377P    704
126,1,1,0,0,1,0,9.14641017194463,9.14641017194463,                   379P    705
9.29641016151381,9.29641016151381,1.,1.,-43.0900485872538,           379P    706
-4.32833540776466,-19.9999997913837,-43.0900485872538,               379P    707
-4.32833540776466,-18.4999998956919,9.14641017194463,                379P    708
9.29641016151381,0.,0.,0.;                                           379P    709
126,9,3,0,0,1,0,0.,0.,0.,0.,0.072697083876235,0.072697083876235,     381P    710
0.136369692847445,0.136369692847445,0.192866938526225,               381P    711
0.192866938526225,0.247899408199967,0.247899408199967,               381P    712
0.247899408199967,0.247899408199967,1.,1.,1.,1.,1.,1.,1.,1.,1.,      381P    713
1.,-42.5816068909663,-2.0779316229224,-18.4999998956919,             381P    714
-42.4608763229528,-2.04010931121977,-18.4999998956919,               381P    715
-42.3358910877477,-2.01757374660477,-18.4999998956919,               381P    716
-42.098898370952,-2.00495128692005,-18.4999998956919,                381P    717
-41.9673926217463,-2.0097862273736,-18.4999998945066,                381P    718
-41.6976921066738,-2.06754495468801,-18.4999998945066,               381P    719
-41.5752496603461,-2.11203910276788,-18.4999998956919,               381P    720
-41.3489479469909,-2.23168429603114,-18.4999998956919,               381P    721
-41.2457382147517,-2.30545593839157,-18.4999998956919,               381P    722
-41.1537290962099,-2.39199445934244,-18.4999998956919,0.,            381P    723
0.247899408199967,0.,0.,0.;                                          381P    724
126,1,1,0,0,1,0,9.14641017194463,9.14641017194463,                   383P    725
9.29641016151381,9.29641016151381,1.,1.,-42.5816068909663,           383P    726
-2.07793162292239,-19.9999997913837,-42.5816068909663,               383P    727
-2.07793162292239,-18.4999998956919,9.14641017194463,                383P    728
9.29641016151381,0.,0.,0.;                                           383P    729
126,9,3,0,0,1,0,0.,0.,0.,0.,0.034224551601555,0.034224551601555,     385P    730
0.0693600436400255,0.0693600436400255,0.108957875688268,             385P    731
0.108957875688268,0.154168005510806,0.154168005510806,               385P    732
0.154168005510806,0.154168005510806,1.,1.,1.,1.,1.,1.,1.,1.,1.,      385P    733
1.,-41.1537290962099,-2.39199445934244,-19.9999997913837,            385P    734
-41.2457382147517,-2.30545593839157,-19.9999997913837,               385P    735
-41.3489479469909,-2.23168429603114,-19.9999997913838,               385P    736
-41.5752496603461,-2.11203910276788,-19.9999997913837,               385P    737
-41.6976921066738,-2.06754495468801,-19.9999997901985,               385P    738
-41.9673926217463,-2.0097862273736,-19.9999997901985,                385P    739
-42.098898370952,-2.00495128692005,-19.9999997913837,                385P    740
-42.3358910877477,-2.01757374660477,-19.9999997913837,               385P    741
-42.4608763229528,-2.04010931121977,-19.9999997913837,               385P    742
-42.5816068909663,-2.0779316229224,-19.9999997913837,0.,             385P    743
0.154168005510806,0.,0.,0.;                                          385P    744
126,2,2,0,0,0,0,-1.77241339484519D-14,-1.77241339484519D-14,         387P    745
-1.77241339484519D-14,0.785398163397441,0.785398163397441,           387P    746
0.785398163397441,1.,0.923879532511331,1.,-43.404120828749,          387P    747
-2.90044559897271,-18.4999998956919,-43.1632120819184,               387P    748
-2.31884039681231,-18.4999998956919,-42.5816068909663,               387P    749
-2.07793162292239,-18.4999998956919,-1.77241339484519D-14,           387P    750
0.785398163397441,0.,0.,0.;                                          387P    751
126,1,1,0,0,1,0,9.14641017194463,9.14641017194463,                   389P    752
9.29641016151381,9.29641016151381,1.,1.,-43.404120828749,            389P    753
-2.90044559897269,-19.9999997913837,-43.404120828749,                389P    754
-2.90044559897269,-18.4999998956919,9.14641017194463,                389P    755
9.29641016151381,0.,0.,0.;                                           389P    756
126,2,2,0,0,0,0,-0.785398163397441,-0.785398163397441,               391P    757
-0.785398163397441,1.77241339484519D-14,1.77241339484519D-14,        391P    758
1.77241339484519D-14,1.,0.923879532511331,1.,-42.5816068909663,      391P    759
-2.07793162292239,-19.9999997913837,-43.1632120819184,               391P    760
-2.31884039681231,-19.9999997913837,-43.404120828749,                391P    761
-2.90044559897271,-19.9999997913837,-0.785398163397441,              391P    762
1.77241339484519D-14,0.,0.,0.;                                       391P    763
126,9,3,0,0,1,0,3.7264113938241D-8,3.7264113938241D-8,               393P    764
3.7264113938241D-8,3.7264113938241D-8,0.0342414602006954,            393P    765
0.0342414602006954,0.0693885484945629,0.0693885484945629,            393P    766
0.108972266280004,0.108972266280004,0.15416974284606,                393P    767
0.15416974284606,0.15416974284606,0.15416974284606,1.,1.,1.,1.,      393P    768
1.,1.,1.,1.,1.,1.,-43.090047822086,-4.32833412165158,                393P    769
-18.4999998956919,-43.1766317640396,-4.23627864865182,               393P    770
-18.4999998956919,-43.2504316441441,-4.13301722404197,               393P    771
-18.4999998956919,-43.3701006543329,-3.90660381012445,               393P    772
-18.4999998956919,-43.4145897084303,-3.78411070681182,               393P    773
-18.4999998956919,-43.4722890198745,-3.51440161833233,               393P    774
-18.4999998956919,-43.4771013486113,-3.38294359654314,               393P    775
-18.4999998956919,-43.4644601546385,-3.14605845263309,               393P    776
-18.4999998956919,-43.4419275267921,-3.02112634714438,               393P    777
-18.4999998956919,-43.404120828749,-2.90044559897269,                393P    778
-18.4999998956919,3.7264113938241D-8,0.15416974284606,0.,0.,0.;      393P    779
126,9,3,0,0,1,0,0.,0.,0.,0.,0.0726773870851572,                      395P    780
0.0726773870851572,0.13632786933183,0.13632786933183,                395P    781
0.192844266593884,0.192844266593884,0.247904357074467,               395P    782
0.247904357074467,0.247904357074467,0.247904357074467,1.,1.,1.,      395P    783
1.,1.,1.,1.,1.,1.,1.,-43.404120828749,-2.90044559897269,             395P    784
-19.9999997913837,-43.4419275267921,-3.02112634714438,               395P    785
-19.9999997913837,-43.4644601546385,-3.14605845263309,               395P    786
-19.9999997913837,-43.4771013486113,-3.38294359654314,               395P    787
-19.9999997913837,-43.4722890198745,-3.51440161833233,               395P    788
-19.9999997913838,-43.4145897084303,-3.78411070681182,               395P    789
-19.9999997913838,-43.3701006543329,-3.90660381012445,               395P    790
-19.9999997913837,-43.2504316441415,-4.13301722404703,               395P    791
-19.9999997913837,-43.1766317640329,-4.23627864866116,               395P    792
-19.9999997913837,-43.0900478220742,-4.32833412166407,               395P    793
-19.9999997913837,0.,0.247904357074467,0.,0.,0.;                     395P    794
126,1,1,0,0,1,0,-7.4,-7.4,0.,0.,1.,1.,28.9999999999999,              397P    795
-78.0000000000001,19.5000002086162,-45.0000000000001,                397P    796
-78.0000000000001,19.5000002086162,-7.4,0.,0.,0.,0.;                 397P    797
126,1,1,0,0,1,0,-7.7,-7.7,0.,0.,1.,1.,-45.0000000000001,             399P    798
-78.0000000000001,19.5000002086162,-45.0000000000001,                399P    799
-1.00000000000007,19.5000002086162,-7.7,0.,0.,0.,0.;                 399P    800
126,1,1,0,0,1,0,-7.4,-7.4,0.,0.,1.,1.,-45.0000000000001,             401P    801
-1.00000000000005,19.5000002086162,28.9999999999999,                 401P    802
-1.00000000000003,19.5000002086162,-7.4,0.,0.,0.,0.;                 401P    803
126,1,1,0,0,1,0,-7.7,-7.7,0.,0.,1.,1.,28.9999999999999,              403P    804
-1.00000000000003,19.5000002086162,28.9999999999999,-78.,            403P    805
19.5000002086162,-7.7,0.,0.,0.,0.;                                   403P    806
126,8,2,0,1,0,0,-3.14159265358979,-3.14159265358979,                 405P    807
-3.14159265358979,-1.5707963267949,-1.5707963267949,0.,0.,           405P    808
1.5707963267949,1.5707963267949,3.14159265358979,                    405P    809
3.14159265358979,3.14159265358979,1.,0.707106781186546,1.,           405P    810
0.707106781186546,1.,0.707106781186546,1.,0.707106781186546,1.,      405P    811
-15.7500000000001,-59.9999995231629,19.5000002086162,                405P    812
-15.7500000000001,-67.7499995231629,19.5000002086162,                405P    813
-8.00000000000013,-67.7499995231629,19.5000002086162,                405P    814
-0.250000000000128,-67.7499995231629,19.5000002086162,               405P    815
-0.25000000000013,-59.9999995231629,19.5000002086162,                405P    816
-0.250000000000132,-52.2499995231629,19.5000002086162,               405P    817
-8.00000000000013,-52.2499995231629,19.5000002086162,                405P    818
-15.7500000000001,-52.2499995231629,19.5000002086162,                405P    819
-15.7500000000001,-59.9999995231629,19.5000002086162,                405P    820
-3.14159265358979,3.14159265358979,0.,0.,0.;                         405P    821
126,8,2,0,1,0,0,-3.14159265358979,-3.14159265358979,                 407P    822
-3.14159265358979,-1.5707963267949,-1.5707963267949,0.,0.,           407P    823
1.5707963267949,1.5707963267949,3.14159265358979,                    407P    824
3.14159265358979,3.14159265358979,1.,0.707106781186546,1.,           407P    825
0.707106781186546,1.,0.707106781186546,1.,0.707106781186546,1.,      407P    826
-15.7500000000001,-59.9999995231629,21.5000002086162,                407P    827
-15.7500000000001,-52.2499995231629,21.5000002086162,                407P    828
-8.00000000000013,-52.2499995231629,21.5000002086162,                407P    829
-0.250000000000132,-52.2499995231629,21.5000002086162,               407P    830
-0.25000000000013,-59.9999995231629,21.5000002086162,                407P    831
-0.250000000000128,-67.7499995231629,21.5000002086162,               407P    832
-8.00000000000013,-67.7499995231629,21.5000002086162,                407P    833
-15.7500000000001,-67.7499995231629,21.5000002086162,                407P    834
-15.7500000000001,-59.9999995231629,21.5000002086162,                407P    835
-3.14159265358979,3.14159265358979,0.,0.,0.;                         407P    836
126,1,1,0,0,1,0,-1.22464679914735D-16,-1.22464679914735D-16,         409P    837
0.258064516129032,0.258064516129032,1.,1.,-15.7500000000001,         409P    838
-59.9999995231629,21.5000002086162,-15.7500000000001,                409P    839
-59.9999995231629,19.5000002086162,-1.22464679914735D-16,            409P    840
0.258064516129032,0.,0.,0.;                                          409P    841
126,1,1,0,0,1,0,0.,0.,7.7,7.7,1.,1.,28.9999999999999,-78.,           411P    842
21.5000002086162,28.9999999999999,-1.00000000000003,                 411P    843
21.5000002086162,0.,7.7,0.,0.,0.;                                    411P    844
126,1,1,0,0,1,0,0.,0.,0.2,0.2,1.,1.,28.9999999999999,-78.,           413P    845
21.5000002086162,28.9999999999999,-78.,19.5000002086162,0.,0.2,      413P    846
0.,0.,0.;                                                            413P    847
126,1,1,0,0,1,0,0.,0.,0.2,0.2,1.,1.,28.9999999999999,                415P    848
-1.00000000000003,21.5000002086162,28.9999999999999,                 415P    849
-1.00000000000003,19.5000002086162,0.,0.2,0.,0.,0.;                  415P    850
126,1,1,0,0,1,0,0.,0.,7.4,7.4,1.,1.,28.9999999999999,                417P    851
-1.00000000000003,21.5000002086162,-45.0000000000001,                417P    852
-1.00000000000005,21.5000002086162,0.,7.4,0.,0.,0.;                  417P    853
126,1,1,0,0,1,0,0.,0.,0.2,0.2,1.,1.,-45.0000000000001,               419P    854
-1.00000000000007,21.5000002086162,-45.0000000000001,                419P    855
-1.00000000000007,19.5000002086162,0.,0.2,0.,0.,0.;                  419P    856
126,1,1,0,0,1,0,0.,0.,7.7,7.7,1.,1.,-45.0000000000001,               421P    857
-1.00000000000007,21.5000002086162,-45.0000000000001,                421P    858
-78.0000000000001,21.5000002086162,0.,7.7,0.,0.,0.;                  421P    859
126,1,1,0,0,1,0,0.,0.,0.2,0.2,1.,1.,-45.0000000000001,               423P    860
-78.0000000000001,21.5000002086162,-45.0000000000001,                423P    861
-78.0000000000001,19.5000002086162,0.,0.2,0.,0.,0.;                  423P    862
126,1,1,0,0,1,0,0.,0.,7.4,7.4,1.,1.,-45.0000000000001,               425P    863
-78.0000000000001,21.5000002086162,28.9999999999999,                 425P    864
-78.0000000000001,21.5000002086162,0.,7.4,0.,0.,0.;                  425P    865
126,8,2,0,1,0,0,-3.14159265358979,-3.14159265358979,                 427P    866
-3.14159265358979,-1.5707963267949,-1.5707963267949,0.,0.,           427P    867
1.5707963267949,1.5707963267949,3.14159265358979,                    427P    868
3.14159265358979,3.14159265358979,1.,0.707106781186554,1.,           427P    869
0.707106781186554,1.,0.707106781186554,1.,0.707106781186554,1.,      427P    870
-97.600001475215,100.000000149012,12.0000001788139,                  427P    871
-97.600001475215,100.000000149012,15.4000001788139,                  427P    872
-101.000001475215,100.000000149012,15.4000001788139,                 427P    873
-104.400001475215,100.000000149012,15.4000001788139,                 427P    874
-104.400001475215,100.000000149012,12.0000001788139,                 427P    875
-104.400001475215,100.000000149012,8.60000017881394,                 427P    876
-101.000001475215,100.000000149012,8.60000017881394,                 427P    877
-97.600001475215,100.000000149012,8.60000017881394,                  427P    878
-97.600001475215,100.000000149012,12.0000001788139,                  427P    879
-3.14159265358979,3.14159265358979,0.,0.,0.;                         427P    880
126,1,1,0,0,1,0,-9.42326863071853D-33,-9.42326863071853D-33,         429P    881
0.588235250290795,0.588235250290795,1.,1.,-97.600001475215,          429P    882
100.000000149012,12.0000001788139,-97.600001475215,                  429P    883
98.0000002980233,12.0000001788139,-9.42326863071853D-33,             429P    884
0.588235250290795,0.,0.,0.;                                          429P    885
126,8,2,0,1,0,0,-3.14159265358979,-3.14159265358979,                 431P    886
-3.14159265358979,-1.5707963267949,-1.5707963267949,0.,0.,           431P    887
1.5707963267949,1.5707963267949,3.14159265358979,                    431P    888
3.14159265358979,3.14159265358979,1.,0.707106781186554,1.,           431P    889
0.707106781186554,1.,0.707106781186554,1.,0.707106781186554,1.,      431P    890
-97.600001475215,98.0000002980233,12.0000001788139,                  431P    891
-97.600001475215,98.0000002980233,8.60000017881394,                  431P    892
-101.000001475215,98.0000002980233,8.60000017881394,                 431P    893
-104.400001475215,98.0000002980233,8.60000017881394,                 431P    894
-104.400001475215,98.0000002980233,12.0000001788139,                 431P    895
-104.400001475215,98.0000002980233,15.4000001788139,                 431P    896
-101.000001475215,98.0000002980233,15.4000001788139,                 431P    897
-97.600001475215,98.0000002980233,15.4000001788139,                  431P    898
-97.600001475215,98.0000002980233,12.0000001788139,                  431P    899
-3.14159265358979,3.14159265358979,0.,0.,0.;                         431P    900
126,1,1,0,0,1,0,-9.10000013560054,-9.10000013560054,                 433P    901
-1.0000000149011,-1.0000000149011,1.,1.,-109.00000116229,            433P    902
18.9999989420176,-16.9999997913838,-109.00000116229,                 433P    903
100.000000149012,-16.9999997913838,-9.10000013560054,                433P    904
-1.0000000149011,0.,0.,0.;                                           433P    905
126,1,1,0,0,1,0,-3.75000005807494,-3.75000005807494,                 435P    906
4.04999997094274,4.04999997094274,1.,1.,-109.000001452467,           435P    907
100.000000149012,-16.9999997913838,-31.0000011622904,                435P    908
100.000000149012,-16.9999997913838,-3.75000005807494,                435P    909
4.04999997094274,0.,0.,0.;                                           435P    910
126,1,1,0,0,1,0,0.900000014901099,0.900000014901099,                 437P    911
9.00000013560054,9.00000013560054,1.,1.,-31.0000011622904,           437P    912
100.000000149012,-16.9999997913838,-31.0000011622904,                437P    913
18.9999989420176,-16.9999997913838,0.900000014901099,                437P    914
9.00000013560054,0.,0.,0.;                                           437P    915
126,1,1,0,0,1,0,-4.05,-4.05,3.74999999999996,3.74999999999996,       439P    916
1.,1.,-31.0000011622904,18.9999989420176,-16.9999997913838,          439P    917
-109.00000116229,18.9999989420176,-16.9999997913838,-4.05,           439P    918
3.74999999999996,0.,0.,0.;                                           439P    919
126,1,1,0,0,1,0,-8.89999999999998,-8.89999999999998,                 441P    920
-1.19999999999997,-1.19999999999997,1.,1.,-33.0000011622904,         441P    921
21.0000002980232,-16.9999997913838,-33.0000011622904,                441P    922
98.0000002980233,-16.9999997913838,-8.89999999999998,                441P    923
-1.19999999999997,0.,0.,0.;                                          441P    924
126,1,1,0,0,1,0,-5.8,-5.8,1.59999999999996,1.59999999999996,1.,      443P    925
1.,-33.0000011622904,98.0000002980233,-16.9999997913838,             443P    926
-107.00000116229,98.0000002980233,-16.9999997913838,-5.8,            443P    927
1.59999999999996,0.,0.,0.;                                           443P    928
126,1,1,0,0,1,0,1.19999999999997,1.19999999999997,                   445P    929
8.89999999999998,8.89999999999998,1.,1.,-107.00000116229,            445P    930
98.0000002980233,-16.9999997913838,-107.00000116229,                 445P    931
21.0000002980232,-16.9999997913838,1.19999999999997,                 445P    932
8.89999999999998,0.,0.,0.;                                           445P    933
126,1,1,0,0,1,0,-3.54999999999996,-3.54999999999996,3.85,3.85,       447P    934
1.,1.,-107.00000116229,21.0000002980232,-16.9999997913838,           447P    935
-33.0000011622904,21.0000002980232,-16.9999997913838,                447P    936
-3.54999999999996,3.85,0.,0.,0.;                                     447P    937
126,1,1,0,0,1,0,-3.15,-3.15,4.55000000000001,4.55000000000001,       449P    938
1.,1.,-33.0000011622904,98.0000002980233,21.5000002086162,           449P    939
-33.0000011622904,21.0000002980232,21.5000002086162,-3.15,           449P    940
4.55000000000001,0.,0.,0.;                                           449P    941
126,1,1,0,0,1,0,-2.05,-2.05,1.8,1.8,1.,1.,-33.0000011622904,         451P    942
98.0000002980233,-16.9999997913838,-33.0000011622904,                451P    943
98.0000002980233,21.5000002086162,-2.05,1.8,0.,0.,0.;                451P    944
126,1,1,0,0,1,0,-2.7,-2.7,1.15,1.15,1.,1.,-33.0000011622904,         453P    945
21.0000002980232,-16.9999997913838,-33.0000011622904,                453P    946
21.0000002980232,21.5000002086162,-2.7,1.15,0.,0.,0.;                453P    947
126,1,1,0,0,1,0,-2.25,-2.25,1.6,1.6,1.,1.,-107.00000116229,          455P    948
21.0000002980232,21.5000002086162,-107.00000116229,                  455P    949
21.0000002980232,-16.9999997913838,-2.25,1.6,0.,0.,0.;               455P    950
126,1,1,0,0,1,0,0.350000000000001,0.350000000000001,                 457P    951
7.74999999999996,7.74999999999996,1.,1.,-33.0000011622904,           457P    952
21.0000002980232,21.5000002086162,-107.00000116229,                  457P    953
21.0000002980232,21.5000002086162,0.350000000000001,                 457P    954
7.74999999999996,0.,0.,0.;                                           457P    955
126,1,1,0,0,1,0,-1.69999999999996,-1.69999999999996,5.7,5.7,1.,      459P    956
1.,-107.00000116229,98.0000002980233,21.5000002086162,               459P    957
-33.0000011622904,98.0000002980233,21.5000002086162,                 459P    958
-1.69999999999996,5.7,0.,0.,0.;                                      459P    959
126,1,1,0,0,1,0,-0.950000000000002,-0.950000000000002,2.9,2.9,       461P    960
1.,1.,-107.00000116229,98.0000002980233,-16.9999997913838,           461P    961
-107.00000116229,98.0000002980233,21.5000002086162,                  461P    962
-0.950000000000002,2.9,0.,0.,0.;                                     461P    963
126,1,1,0,0,1,0,-8.89999999999998,-8.89999999999998,                 463P    964
-1.19999999999997,-1.19999999999997,1.,1.,-107.00000116229,          463P    965
21.0000002980232,21.5000002086162,-107.00000116229,                  463P    966
98.0000002980233,21.5000002086162,-8.89999999999998,                 463P    967
-1.19999999999997,0.,0.,0.;                                          463P    968
126,1,1,0,0,1,0,-3.65,-3.65,0.2,0.2,1.,1.,-109.000001743436,         465P    969
100.000000149012,21.5000002086162,-109.000001743436,                 465P    970
100.000000149012,-16.9999997913838,-3.65,0.2,0.,0.,0.;               465P    971
126,1,1,0,0,1,0,0.150000028990902,0.150000028990902,                 467P    972
7.95000005807494,7.95000005807494,1.,1.,-31.0000011616268,           467P    973
100.000000149012,21.5000002086162,-109.000001452467,                 467P    974
100.000000149012,21.5000002086162,0.150000028990902,                 467P    975
7.95000005807494,0.,0.,0.;                                           467P    976
126,1,1,0,0,1,0,-1.4,-1.4,2.45,2.45,1.,1.,-31.0000011622904,         469P    977
100.000000149012,-16.9999997913838,-31.0000011622904,                469P    978
100.000000149012,21.5000002086162,-1.4,2.45,0.,0.,0.;                469P    979
126,1,1,0,0,1,0,0.20000002533197,0.20000002533197,                   471P    980
4.05000002533197,4.05000002533197,1.,1.,-109.00000116229,            471P    981
18.9999989420176,-16.9999997913838,-109.00000116229,                 471P    982
18.9999989420176,21.5000002086162,0.20000002533197,                  471P    983
4.05000002533197,0.,0.,0.;                                           471P    984
126,1,1,0,0,1,0,1.0000000149011,1.0000000149011,                     473P    985
9.10000013560054,9.10000013560054,1.,1.,-109.00000116229,            473P    986
100.000000149012,21.5000002086162,-109.00000116229,                  473P    987
18.9999989420176,21.5000002086162,1.0000000149011,                   473P    988
9.10000013560054,0.,0.,0.;                                           473P    989
126,1,1,0,0,1,0,0.20000002533197,0.20000002533197,                   475P    990
4.05000002533197,4.05000002533197,1.,1.,-31.0000011622904,           475P    991
18.9999989420176,-16.9999997913838,-31.0000011622904,                475P    992
18.9999989420176,21.5000002086162,0.20000002533197,                  475P    993
4.05000002533197,0.,0.,0.;                                           475P    994
126,1,1,0,0,1,0,-7.94999999999996,-7.94999999999996,-0.15,-0.15,     477P    995
1.,1.,-109.00000116229,18.9999989420176,21.5000002086162,            477P    996
-31.0000011622904,18.9999989420176,21.5000002086162,                 477P    997
-7.94999999999996,-0.15,0.,0.,0.;                                    477P    998
126,1,1,0,0,1,0,-9.10000013560054,-9.10000013560054,                 479P    999
-1.0000000149011,-1.0000000149011,1.,1.,-31.0000011622904,           479P   1000
18.9999989420176,21.5000002086162,-31.0000011622904,                 479P   1001
100.000000149012,21.5000002086162,-9.10000013560054,                 479P   1002
-1.0000000149011,0.,0.,0.;                                           479P   1003
128,1,1,1,1,0,0,1,0,0,-0.150999999999999,-0.150999999999999,         481P   1004
0.150999999999999,0.150999999999999,-0.150999999999999,              481P   1005
-0.150999999999999,0.150999999999999,0.150999999999999,1.,1.,1.,     481P   1006
1.,-38.0837368222649,-70.7099995989164,-18.4999997913837,            481P   1007
-35.0637368222649,-70.7099995539149,-18.4999997913837,               481P   1008
-38.0837368672664,-67.6899995989164,-18.4999997913837,               481P   1009
-35.0637368672664,-67.6899995539149,-18.4999997913837,               481P   1010
-0.150999999999999,0.150999999999999,-0.150999999999999,             481P   1011
0.150999999999999;                                                   481P   1012
128,1,1,1,1,0,0,1,0,0,-0.150999999999999,-0.150999999999999,         483P   1013
0.150999999999999,0.150999999999999,-0.150999999999999,              483P   1014
-0.150999999999999,0.150999999999999,0.150999999999999,1.,1.,1.,     483P   1015
1.,19.8600100243484,-46.7052859840265,-18.4999997913837,             483P   1016
22.8800100243483,-46.705285939025,-18.4999997913837,                 483P   1017
19.8600099793469,-43.6852859840265,-18.4999997913837,                483P   1018
22.8800099793468,-43.685285939025,-18.4999997913837,                 483P   1019
-0.150999999999999,0.150999999999999,-0.150999999999999,             483P   1020
0.150999999999999;                                                   483P   1021
128,1,1,1,1,0,0,1,0,0,-0.251,-0.251,0.251,0.251,-0.251,-0.251,       485P   1022
0.251,0.251,1.,1.,1.,1.,-39.0837368073637,-71.7099996138176,         485P   1023
-7.56499979138371,-34.0637368073637,-71.7099995390138,               485P   1024
-7.56499979138371,-39.0837368821675,-66.6899996138176,               485P   1025
-7.56499979138371,-34.0637368821675,-66.6899995390138,               485P   1026
-7.56499979138371,-0.251,0.251,-0.251,0.251;                         485P   1027
128,1,1,1,1,0,0,1,0,0,-0.251,-0.251,0.251,0.251,-0.251,-0.251,       487P   1028
0.251000000000001,0.251000000000001,1.,1.,1.,1.,                     487P   1029
18.8600100392495,-47.7052859989277,-7.56499979138371,                487P   1030
23.8800100392495,-47.7052859241239,-7.56499979138371,                487P   1031
18.8600099644457,-42.6852859989277,-7.56499979138371,                487P   1032
23.8800099644457,-42.6852859241238,-7.56499979138371,-0.251,         487P   1033
0.251,-0.251,0.251000000000001;                                      487P   1034
128,1,8,1,2,0,1,0,0,1,0.599999958276724,0.599999958276724,4.974,     489P   1035
4.974,-3.14159265358979,-3.14159265358979,-3.14159265358979,         489P   1036
-1.5707963267949,-1.5707963267949,0.,0.,1.5707963267949,             489P   1037
1.5707963267949,3.14159265358979,3.14159265358979,                   489P   1038
3.14159265358979,1.,1.,0.707106781186548,0.707106781186548,1.,       489P   1039
1.,0.707106781186548,0.707106781186548,1.,1.,0.707106781186548,      489P   1040
0.707106781186548,1.,1.,0.707106781186548,0.707106781186548,1.,      489P   1041
1.,23.8700100018476,-45.1952859242729,-7.56499979138371,             489P   1042
23.8700100018476,-45.1952859242729,-18.4999998956919,                489P   1043
23.8700099645947,-42.6952859242729,-7.56499979138371,                489P   1044
23.8700099645947,-42.6952859242729,-18.4999998956919,                489P   1045
21.3700099645947,-42.6952859615258,-7.56499979138371,                489P   1046
21.3700099645947,-42.6952859615258,-18.4999998956919,                489P   1047
18.8700099645947,-42.6952859987787,-7.56499979138371,                489P   1048
18.8700099645947,-42.6952859987787,-18.4999998956919,                489P   1049
18.8700100018476,-45.1952859987787,-7.56499979138371,                489P   1050
18.8700100018476,-45.1952859987787,-18.4999998956919,                489P   1051
18.8700100391005,-47.6952859987787,-7.56499979138371,                489P   1052
18.8700100391005,-47.6952859987787,-18.4999998956919,                489P   1053
21.3700100391005,-47.6952859615258,-7.56499979138371,                489P   1054
21.3700100391005,-47.6952859615258,-18.4999998956919,                489P   1055
23.8700100391005,-47.6952859242729,-7.56499979138371,                489P   1056
23.8700100391005,-47.6952859242729,-18.4999998956919,                489P   1057
23.8700100018476,-45.1952859242729,-7.56499979138371,                489P   1058
23.8700100018476,-45.1952859242729,-18.4999998956919,                489P   1059
0.599999958276724,4.974,-3.14159265358979,3.14159265358979;          489P   1060
128,1,8,1,2,0,1,0,0,1,1.00000000000001,1.00000000000001,             491P   1061
8.29000000000008,8.29000000000008,-3.14159265358979,                 491P   1062
-3.14159265358979,-3.14159265358979,-1.5707963267949,                491P   1063
-1.5707963267949,0.,0.,1.5707963267949,1.5707963267949,              491P   1064
3.14159265358979,3.14159265358979,3.14159265358979,1.,1.,            491P   1065
0.707106781186548,0.707106781186548,1.,1.,0.707106781186548,         491P   1066
0.707106781186548,1.,1.,0.707106781186548,0.707106781186548,1.,      491P   1067
1.,0.707106781186548,0.707106781186548,1.,1.,22.8700100018476,       491P   1068
-45.195285939174,-18.4999997913837,22.8700100018476,                 491P   1069
-45.195285939174,-7.56499979138371,22.8700099794958,                 491P   1070
-43.695285939174,-18.4999997913837,22.8700099794958,                 491P   1071
-43.695285939174,-7.56499979138371,21.3700099794958,                 491P   1072
-43.6952859615258,-18.4999997913837,21.3700099794958,                491P   1073
-43.6952859615258,-7.56499979138371,19.8700099794959,                491P   1074
-43.6952859838775,-18.4999997913837,19.8700099794959,                491P   1075
-43.6952859838775,-7.56499979138371,19.8700100018476,                491P   1076
-45.1952859838775,-18.4999997913837,19.8700100018476,                491P   1077
-45.1952859838775,-7.56499979138371,19.8700100241994,                491P   1078
-46.6952859838775,-18.4999997913837,19.8700100241994,                491P   1079
-46.6952859838775,-7.56499979138371,21.3700100241993,                491P   1080
-46.6952859615258,-18.4999997913837,21.3700100241993,                491P   1081
-46.6952859615258,-7.56499979138371,22.8700100241993,                491P   1082
-46.695285939174,-18.4999997913837,22.8700100241993,                 491P   1083
-46.695285939174,-7.56499979138371,22.8700100018476,                 491P   1084
-45.195285939174,-18.4999997913837,22.8700100018476,                 491P   1085
-45.195285939174,-7.56499979138371,1.00000000000001,                 491P   1086
8.29000000000008,-3.14159265358979,3.14159265358979;                 491P   1087
128,1,8,1,2,0,1,0,0,1,0.599999958276724,0.599999958276724,4.974,     493P   1088
4.974,-3.14159265358979,-3.14159265358979,-3.14159265358979,         493P   1089
-1.5707963267949,-1.5707963267949,0.,0.,1.5707963267949,             493P   1090
1.5707963267949,3.14159265358979,3.14159265358979,                   493P   1091
3.14159265358979,1.,1.,0.707106781186548,0.707106781186548,1.,       493P   1092
1.,0.707106781186548,0.707106781186548,1.,1.,0.707106781186548,      493P   1093
0.707106781186548,1.,1.,0.707106781186548,0.707106781186548,1.,      493P   1094
1.,-34.0737368447656,-69.1999995391628,-7.56499979138371,            493P   1095
-34.0737368447656,-69.1999995391628,-18.4999998956919,               493P   1096
-34.0737368820185,-66.6999995391628,-7.56499979138371,               493P   1097
-34.0737368820185,-66.6999995391628,-18.4999998956919,               493P   1098
-36.5737368820185,-66.6999995764157,-7.56499979138371,               493P   1099
-36.5737368820185,-66.6999995764157,-18.4999998956919,               493P   1100
-39.0737368820185,-66.6999996136686,-7.56499979138371,               493P   1101
-39.0737368820185,-66.6999996136686,-18.4999998956919,               493P   1102
-39.0737368447656,-69.1999996136686,-7.56499979138371,               493P   1103
-39.0737368447656,-69.1999996136686,-18.4999998956919,               493P   1104
-39.0737368075127,-71.6999996136686,-7.56499979138371,               493P   1105
-39.0737368075127,-71.6999996136686,-18.4999998956919,               493P   1106
-36.5737368075127,-71.6999995764157,-7.56499979138371,               493P   1107
-36.5737368075127,-71.6999995764157,-18.4999998956919,               493P   1108
-34.0737368075127,-71.6999995391628,-7.56499979138371,               493P   1109
-34.0737368075127,-71.6999995391628,-18.4999998956919,               493P   1110
-34.0737368447656,-69.1999995391628,-7.56499979138371,               493P   1111
-34.0737368447656,-69.1999995391628,-18.4999998956919,               493P   1112
0.599999958276724,4.974,-3.14159265358979,3.14159265358979;          493P   1113
128,1,8,1,2,0,1,0,0,1,1.,1.,8.29000000000003,8.29000000000003,       495P   1114
-3.14159265358979,-3.14159265358979,-3.14159265358979,               495P   1115
-1.5707963267949,-1.5707963267949,0.,0.,1.5707963267949,             495P   1116
1.5707963267949,3.14159265358979,3.14159265358979,                   495P   1117
3.14159265358979,1.,1.,0.707106781186548,0.707106781186548,1.,       495P   1118
1.,0.707106781186548,0.707106781186548,1.,1.,0.707106781186548,      495P   1119
0.707106781186548,1.,1.,0.707106781186548,0.707106781186548,1.,      495P   1120
1.,-35.0737368447656,-69.1999995540639,-18.4999997913837,            495P   1121
-35.0737368447656,-69.1999995540639,-7.56499979138371,               495P   1122
-35.0737368671174,-67.6999995540639,-18.4999997913837,               495P   1123
-35.0737368671174,-67.6999995540639,-7.56499979138371,               495P   1124
-36.5737368671174,-67.6999995764157,-18.4999997913837,               495P   1125
-36.5737368671174,-67.6999995764157,-7.56499979138371,               495P   1126
-38.0737368671174,-67.6999995987674,-18.4999997913837,               495P   1127
-38.0737368671174,-67.6999995987674,-7.56499979138371,               495P   1128
-38.0737368447656,-69.1999995987674,-18.4999997913837,               495P   1129
-38.0737368447656,-69.1999995987674,-7.56499979138371,               495P   1130
-38.0737368224139,-70.6999995987674,-18.4999997913837,               495P   1131
-38.0737368224139,-70.6999995987674,-7.56499979138371,               495P   1132
-36.5737368224139,-70.6999995764157,-18.4999997913837,               495P   1133
-36.5737368224139,-70.6999995764157,-7.56499979138371,               495P   1134
-35.0737368224139,-70.6999995540639,-18.4999997913837,               495P   1135
-35.0737368224139,-70.6999995540639,-7.56499979138371,               495P   1136
-35.0737368447656,-69.1999995540639,-18.4999997913837,               495P   1137
-35.0737368447656,-69.1999995540639,-7.56499979138371,1.,            495P   1138
8.29000000000003,-3.14159265358979,3.14159265358979;                 495P   1139
128,1,1,1,1,0,0,1,0,0,-0.001,-0.001,1.5009998956918,                 497P   1140
1.5009998956918,12.9990012815002,12.9990012815002,90.001,90.001,     497P   1141
1.,1.,1.,1.,31.0000001788139,-75.0009987184998,                      497P   1142
-18.4989998956919,31.0000001788139,-75.0009987184998,                497P   1143
-20.0009997913837,31.0000001788138,2.00100000000001,                 497P   1144
-18.4989998956919,31.0000001788138,2.00100000000001,                 497P   1145
-20.0009997913837,-0.001,1.5009998956918,12.9990012815002,           497P   1146
90.001;                                                              497P   1147
128,1,1,1,1,0,0,1,0,0,1.0307757196413,1.0307757196413,               499P   1148
5.67087298107771,5.67087298107771,-0.000999999999571454,             499P   1149
-0.000999999999571454,1.50099989569231,1.50099989569231,1.,1.,       499P   1150
1.,1.,-10.4999998408051,-67.0010041378073,-20.0009997913838,         499P   1151
-10.4999998320529,-62.3609068763709,-20.0009997913838,               499P   1152
-10.4999998408051,-67.0010041378073,-18.4989998956919,               499P   1153
-10.4999998320529,-62.3609068763709,-18.4989998956919,               499P   1154
1.0307757196413,5.67087298107771,-0.000999999999571454,              499P   1155
1.50099989569231;                                                    499P   1156
128,1,4,1,2,0,0,0,0,0,0.,0.,0.599999958276925,0.599999958276925,     501P   1157
-1.57079632679487,-1.57079632679487,-1.57079632679487,               501P   1158
3.77475828372553D-15,3.77475828372553D-15,1.57079632679488,          501P   1159
1.57079632679488,1.57079632679488,1.,1.,0.707106781186555,           501P   1160
0.707106781186555,1.,1.,0.707106781186555,0.707106781186555,1.,      501P   1161
1.,-10.4999999494495,-67.0000041378072,-19.9999997913842,            501P   1162
-10.4999999494495,-67.0000041378072,-18.4999998956919,               501P   1163
-10.499999954165,-69.5000041378072,-19.9999997913842,                501P   1164
-10.499999954165,-69.5000041378072,-18.4999998956919,                501P   1165
-7.99999995416502,-69.5000041425228,-19.9999997913842,               501P   1166
-7.99999995416502,-69.5000041425228,-18.4999998956919,               501P   1167
-5.49999995416506,-69.5000041472383,-19.9999997913842,               501P   1168
-5.49999995416506,-69.5000041472383,-18.4999998956919,               501P   1169
-5.49999994944947,-67.0000041472384,-19.9999997913842,               501P   1170
-5.49999994944947,-67.0000041472384,-18.4999998956919,0.,            501P   1171
0.599999958276925,-1.57079632679487,1.57079632679488;                501P   1172
128,1,1,1,1,0,0,1,0,0,-0.001,-0.001,4.6390972397052,                 503P   1173
4.6390972397052,-0.001,-0.001,1.5009998956923,1.5009998956923,       503P   1174
1.,1.,1.,1.,-5.50000002959356,-62.3609069075332,                     503P   1175
-20.0009997913842,-5.49999994943218,-67.0010041472384,               503P   1176
-20.0009997913842,-5.50000002959356,-62.3609069075332,               503P   1177
-18.4989998956919,-5.49999994943218,-67.0010041472384,               503P   1178
-18.4989998956919,-0.001,4.6390972397052,-0.001,1.5009998956923;     503P   1179
128,1,2,1,2,0,0,0,0,0,2.49792182570933D-13,2.49792182570933D-13,     505P   1180
0.74999994784615,0.74999994784615,-0.436286944584836,                505P   1181
-0.436286944584836,-0.436286944584836,0.436286944584852,             505P   1182
0.436286944584852,0.436286944584852,1.,1.,0.906326959624072,         505P   1183
0.906326959624072,1.,1.,-4.785714287008,-60.8299346642791,           505P   1184
-18.4999998956919,-4.785714287008,-60.8299346642791,                 505P   1185
-19.9999997913837,-5.50000004568605,-61.4294020557865,               505P   1186
-18.4999998956919,-5.50000004568605,-61.4294020557865,               505P   1187
-19.9999997913837,-5.50000002957629,-62.3619069075332,               505P   1188
-18.4999998956919,-5.50000002957629,-62.3619069075332,               505P   1189
-19.9999997913837,2.49792182570933D-13,0.74999994784615,             505P   1190
-0.436286944584836,0.436286944584852;                                505P   1191
128,1,8,1,2,0,0,0,0,0,9.98602269064056D-14,9.98602269064056D-14,     507P   1192
0.29999997913846,0.29999997913846,-2.44337019864622,                 507P   1193
-2.44337019864622,-2.44337019864622,-1.22168509932311,               507P   1194
-1.22168509932311,0.,0.,1.22168509932311,1.22168509932311,           507P   1195
2.44337019864621,2.44337019864621,2.44337019864621,1.,1.,            507P   1196
0.819165057688043,0.819165057688043,1.,1.,0.819165057688043,         507P   1197
0.819165057688043,1.,1.,0.819165057688043,0.819165057688043,1.,      507P   1198
1.,0.819165057688043,0.819165057688043,1.,1.,-4.785714287008,        507P   1199
-60.8299346642791,-19.9999997913837,-4.785714287008,                 507P   1200
-60.8299346642791,-18.4999998956919,-2.10409756237132,               507P   1201
-58.5793763080327,-19.9999997913837,-2.10409756237132,               507P   1202
-58.5793763080327,-18.4999998956919,-3.30161443078702,               507P   1203
-55.2896902253523,-19.9999997913837,-3.30161443078702,               507P   1204
-55.2896902253523,-18.4999998956919,-4.49913129920272,               507P   1205
-52.0000041426719,-19.9999997913837,-4.49913129920272,               507P   1206
-52.0000041426719,-18.4999998956919,-7.99999993037435,               507P   1207
-52.0000041425228,-19.9999997913837,-7.99999993037435,               507P   1208
-52.0000041425228,-18.4999998956919,-11.500868561546,                507P   1209
-52.0000041423737,-19.9999997913837,-11.500868561546,                507P   1210
-52.0000041423737,-18.4999998956919,-12.6983854302418,               507P   1211
-55.2896902249522,-19.9999997913837,-12.6983854302418,               507P   1212
-55.2896902249522,-18.4999998956919,-13.8959022989376,               507P   1213
-58.5793763075307,-19.9999997913837,-13.8959022989376,               507P   1214
-58.5793763075307,-18.4999998956919,-11.2142855744926,               507P   1215
-60.8299346640054,-19.9999997913837,-11.2142855744926,               507P   1216
-60.8299346640054,-18.4999998956919,9.98602269064056D-14,            507P   1217
0.29999997913846,-2.44337019864622,2.44337019864621;                 507P   1218
128,1,2,1,2,0,0,0,0,0,2.49793444742417D-13,2.49793444742417D-13,     509P   1219
0.749999947846151,0.749999947846151,-0.436286936847459,              509P   1220
-0.436286936847459,-0.436286936847459,0.436286936847486,             509P   1221
0.436286936847486,0.436286936847486,1.,1.,0.906326962893708,         509P   1222
0.906326962893708,1.,1.,-10.4999998320548,-62.3619068763709,         509P   1223
-18.4999998956919,-10.4999998320548,-62.3619068763709,               509P   1224
-19.9999997913837,-10.4999998302959,-61.4294020434631,               509P   1225
-18.4999998956919,-10.4999998302959,-61.4294020434631,               509P   1226
-19.9999997913837,-11.2142855744927,-60.8299346640055,               509P   1227
-18.4999998956919,-11.2142855744927,-60.8299346640055,               509P   1228
-19.9999997913837,2.49793444742417D-13,0.749999947846151,            509P   1229
-0.436286936847459,0.436286936847486;                                509P   1230
128,1,1,1,1,0,0,1,0,0,-0.750999947846,-0.750999947846,               511P   1231
0.750999947845909,0.750999947845909,-39.001,-39.001,39.001,          511P   1232
39.001,1.,1.,1.,1.,-47.0009998211861,1.99999999999998,               511P   1233
-20.0009997913838,-47.0009998211861,1.99999999999998,                511P   1234
-18.4989998956919,31.0010001788139,1.99999999999998,                 511P   1235
-20.0009997913838,31.0010001788139,1.99999999999998,                 511P   1236
-18.4989998956919,-0.750999947846,0.750999947845909,-39.001,         511P   1237
39.001;                                                              511P   1238
128,1,1,1,1,0,0,1,0,0,-0.001,-0.001,1.5009998956919,                 513P   1239
1.5009998956919,12.9990001192093,12.9990001192093,90.001,90.001,     513P   1240
1.,1.,1.,1.,-46.9999998211861,-75.0009998807907,                     513P   1241
-20.0009997913838,-46.9999998211861,-75.0009998807907,               513P   1242
-18.4989998956919,-46.9999998211862,2.00099999999999,                513P   1243
-20.0009997913838,-46.9999998211862,2.00099999999999,                513P   1244
-18.4989998956919,-0.001,1.5009998956919,12.9990001192093,           513P   1245
90.001;                                                              513P   1246
128,1,1,1,1,0,0,1,0,0,32.4990001043082,32.4990001043082,             515P   1247
34.0010000000001,34.0010000000001,-0.000999612393388304,             515P   1248
-0.000999612393388304,78.0010009683126,78.0010009683126,1.,1.,       515P   1249
1.,1.,-47.0010001488353,-78.9999998808057,-18.4989998956919,         515P   1250
-47.0010001488353,-78.9999998808057,-20.0009997913838,               515P   1251
31.0010004318707,-78.999998718485,-18.4989998956919,                 515P   1252
31.0010004318707,-78.999998718485,-20.0009997913838,                 515P   1253
32.4990001043082,34.0010000000001,-0.000999612393388304,             515P   1254
78.0010009683126;                                                    515P   1255
128,1,1,1,1,0,0,1,0,0,-0.001,-0.001,1.5009998956919,                 517P   1256
1.5009998956919,-0.001,-0.001,4.001,4.001,1.,1.,1.,1.,               517P   1257
-46.999999821201,-74.9989998807907,-18.4989998956919,                517P   1258
-46.999999821201,-74.9989998807907,-20.0009997913838,                517P   1259
-46.9999997615665,-79.0009998807907,-18.4989998956919,               517P   1260
-46.9999997615665,-79.0009998807907,-20.0009997913838,-0.001,        517P   1261
1.5009998956919,-0.001,4.001;                                        517P   1262
128,1,1,1,1,0,0,1,0,0,-0.001,-0.001,1.50099989569181,                519P   1263
1.50099989569181,-0.001,-0.001,4.00100000000003,                     519P   1264
4.00100000000003,1.,1.,1.,1.,31.000000178799,-74.9989987184998,      519P   1265
-20.0009997913837,31.000000178799,-74.9989987184998,                 519P   1266
-18.4989998956919,31.0000002384335,-79.0009987184998,                519P   1267
-20.0009997913837,31.0000002384335,-79.0009987184998,                519P   1268
-18.4989998956919,-0.001,1.50099989569181,-0.001,                    519P   1269
4.00100000000003;                                                    519P   1270
128,1,6,1,2,0,0,0,0,0,13.3797838546714,13.3797838546714,             521P   1271
14.4667403008249,14.4667403008249,-1.69603215052142,                 521P   1272
-1.69603215052142,-1.69603215052142,-0.565344166280371,              521P   1273
-0.565344166280371,0.565343817960679,0.565343817960679,              521P   1274
1.69603180220173,1.69603180220173,1.69603180220173,1.,1.,            521P   1275
0.844404371634744,0.844404371634744,1.,1.,0.844404371634744,         521P   1276
0.844404371634744,1.,1.,0.844404371634744,0.844404371634744,1.,      521P   1277
1.,24.909952161585,-74.3642323996629,-19.9999997913838,              521P   1278
24.909952161585,-74.3642323996629,-18.4999998956919,                 521P   1279
25.4468511182506,-75.0557792466776,-19.9999997913838,                521P   1280
25.4468511182506,-75.0557792466776,-18.4999998956919,                521P   1281
26.3012364430994,-74.8646686819051,-19.9999997913838,                521P   1282
26.3012364430994,-74.8646686819051,-18.4999998956919,                521P   1283
27.1556217679482,-74.6735581171325,-19.9999997913838,                521P   1284
27.1556217679482,-74.6735581171325,-18.4999998956919,                521P   1285
27.3467231624694,-73.8191707411159,-19.9999997913838,                521P   1286
27.3467231624694,-73.8191707411159,-18.4999998956919,                521P   1287
27.5378245569906,-72.9647833650992,-19.9999997913838,                521P   1288
27.5378245569906,-72.9647833650992,-18.4999998956919,                521P   1289
26.8462719474022,-72.427891830936,-19.9999997913838,                 521P   1290
26.8462719474022,-72.427891830936,-18.4999998956919,                 521P   1291
13.3797838546714,14.4667403008249,-1.69603215052142,                 521P   1292
1.69603180220173;                                                    521P   1293
128,9,1,3,1,0,0,1,0,0,1.29465188662692D-5,1.29465188662692D-5,       523P   1294
1.29465188662692D-5,1.29465188662692D-5,0.0834409196108713,          523P   1295
0.0834409196108713,0.156512306036652,0.156512306036652,              523P   1296
0.221349166622232,0.221349166622232,0.284505034152548,               523P   1297
0.284505034152548,0.284505034152548,0.284505034152548,0.,0.,2.2,     523P   1298
2.2,1.,1.,1.,1.,1.,1.,1.,1.,1.,1.,1.,1.,1.,1.,1.,1.,1.,1.,1.,1.,     523P   1299
25.4183941526501,-72.1138289945055,-38.46410151083,                  523P   1300
25.5391247206637,-72.0760066828028,-38.46410151083,                  523P   1301
25.6641099558687,-72.0534711181878,-38.46410151083,                  523P   1302
25.9011026726645,-72.0408486585031,-38.46410151083,                  523P   1303
26.0326084218701,-72.0456835989567,-38.4641015096448,                523P   1304
26.3023089369426,-72.1034423262711,-38.4641015096448,                523P   1305
26.4247513832704,-72.1479364743509,-38.46410151083,                  523P   1306
26.6510530966256,-72.2675816676142,-38.46410151083,                  523P   1307
26.7542628288647,-72.3413533099746,-38.46410151083,                  523P   1308
26.8462719474065,-72.4278918309255,-38.46410151083,                  523P   1309
25.4183941526501,-72.1138289945055,-16.46410151083,                  523P   1310
25.5391247206637,-72.0760066828028,-16.46410151083,                  523P   1311
25.6641099558687,-72.0534711181878,-16.46410151083,                  523P   1312
25.9011026726645,-72.0408486585031,-16.46410151083,                  523P   1313
26.0326084218701,-72.0456835989567,-16.4641015096448,                523P   1314
26.3023089369426,-72.1034423262711,-16.4641015096448,                523P   1315
26.4247513832704,-72.1479364743509,-16.46410151083,                  523P   1316
26.6510530966256,-72.2675816676142,-16.46410151083,                  523P   1317
26.7542628288647,-72.3413533099746,-16.46410151083,                  523P   1318
26.8462719474065,-72.4278918309255,-16.46410151083,                  523P   1319
1.29465188662692D-5,0.284505034152548,0.,2.2;                        523P   1320
128,1,2,1,2,0,0,0,0,0,12.1489729860981,12.1489729860981,             525P   1321
13.1359399389891,13.1359399389891,-0.785398163397467,                525P   1322
-0.785398163397467,-0.785398163397467,7.36497110270078D-15,          525P   1323
7.36497110270078D-15,7.36497110270078D-15,1.,1.,                     525P   1324
0.923879532511282,0.923879532511282,1.,1.,25.4183941526501,          525P   1325
-72.1138289945054,-19.9999997913838,25.4183941526501,                525P   1326
-72.1138289945054,-18.4999998956919,24.836788961698,                 525P   1327
-72.3547377683954,-19.9999997913838,24.836788961698,                 525P   1328
-72.3547377683954,-18.4999998956919,24.5958802148674,                525P   1329
-72.9363429705558,-19.9999997913838,24.5958802148674,                525P   1330
-72.9363429705558,-18.4999998956919,12.1489729860981,                525P   1331
13.1359399389891,-0.785398163397467,7.36497110270078D-15;            525P   1332
128,9,1,3,1,0,0,1,0,0,0.,0.,0.,0.,0.04790422536622,                  527P   1333
0.04790422536622,0.097075435610392,0.097075435610392,                527P   1334
0.15245354526204,0.15245354526204,0.215685372722506,                 527P   1335
0.215685372722506,0.215685372722506,0.215685372722506,0.,0.,         527P   1336
2.64,2.64,1.,1.,1.,1.,1.,1.,1.,1.,1.,1.,1.,1.,1.,1.,1.,1.,1.,1.,     527P   1337
1.,1.,24.9099535042121,-74.3642317937799,-38.46410151083,            527P   1338
24.8233694402061,-74.2721762449887,-38.46410151083,                  527P   1339
24.7495694637388,-74.1689147172171,-38.46410151083,                  527P   1340
24.6299003892835,-73.9425011817075,-38.46410151083,                  527P   1341
24.5854113351861,-73.8200080783949,-38.46410151083,                  527P   1342
24.527712023742,-73.5502989899154,-38.46410151083,                   527P   1343
24.5228996950051,-73.4188409681262,-38.46410151083,                  527P   1344
24.5355408889779,-73.1819558242161,-38.46410151083,                  527P   1345
24.5580735168244,-73.0570237187274,-38.46410151083,                  527P   1346
24.5958802148675,-72.9363429705558,-38.46410151083,                  527P   1347
24.9099535042121,-74.3642317937798,-12.06410151083,                  527P   1348
24.8233694402061,-74.2721762449886,-12.06410151083,                  527P   1349
24.7495694637388,-74.168914717217,-12.06410151083,                   527P   1350
24.6299003892835,-73.9425011817074,-12.06410151083,                  527P   1351
24.5854113351861,-73.8200080783948,-12.06410151083,                  527P   1352
24.527712023742,-73.5502989899153,-12.06410151083,                   527P   1353
24.5228996950051,-73.4188409681261,-12.06410151083,                  527P   1354
24.5355408889779,-73.181955824216,-12.06410151083,                   527P   1355
24.5580735168244,-73.0570237187273,-12.06410151083,                  527P   1356
24.5958802148675,-72.9363429705557,-12.06410151083,0.,               527P   1357
0.215685372722506,0.,2.64;                                           527P   1358
128,1,6,1,2,0,0,0,0,0,66.2783345793099,66.2783345793099,             529P   1359
67.3652910254634,67.3652910254634,-1.69603215053321,                 529P   1360
-1.69603215053321,-1.69603215053321,-0.565344166288234,              529P   1361
-0.565344166288234,0.565343817956745,0.565343817956745,              529P   1362
1.69603180220172,1.69603180220172,1.69603180220172,1.,1.,            529P   1363
0.844404371633692,0.844404371633692,1.,1.,0.844404371633692,         529P   1364
0.844404371633692,1.,1.,0.844404371633692,0.844404371633692,1.,      529P   1365
1.,-43.0900488820413,-4.32833502806695,-19.9999997913837,            529P   1366
-43.0900488820413,-4.32833502806695,-18.4999998956919,               529P   1367
-42.5531499253815,-5.019881875091,-19.9999997913837,                 529P   1368
-42.5531499253815,-5.019881875091,-18.4999998956919,                 529P   1369
-41.6987646005275,-4.82877131032436,-19.9999997913837,               529P   1370
-41.6987646005275,-4.82877131032436,-18.4999998956919,               529P   1371
-40.8443792756735,-4.63766074555773,-19.9999997913837,               529P   1372
-40.8443792756735,-4.63766074555773,-18.4999998956919,               529P   1373
-40.6532778811482,-3.78327336953808,-19.9999997913837,               529P   1374
-40.6532778811482,-3.78327336953808,-18.4999998956919,               529P   1375
-40.4621764866228,-2.92888599351843,-19.9999997913837,               529P   1376
-40.4621764866228,-2.92888599351843,-18.4999998956919,               529P   1377
-41.1537290962143,-2.39199445935297,-19.9999997913837,               529P   1378
-41.1537290962143,-2.39199445935297,-18.4999998956919,               529P   1379
66.2783345793099,67.3652910254634,-1.69603215053321,                 529P   1380
1.69603180220172;                                                    529P   1381
128,9,1,3,1,0,0,1,0,0,1.29465188705158D-5,1.29465188705158D-5,       531P   1382
1.29465188705158D-5,1.29465188705158D-5,0.0834409196108755,          531P   1383
0.0834409196108755,0.156512306036657,0.156512306036657,              531P   1384
0.221349166622236,0.221349166622236,0.284505034152548,               531P   1385
0.284505034152548,0.284505034152548,0.284505034152548,0.,0.,9.5,     531P   1386
9.5,1.,1.,1.,1.,1.,1.,1.,1.,1.,1.,1.,1.,1.,1.,1.,1.,1.,1.,1.,1.,     531P   1387
-42.5816068909663,-2.0779316229224,-111.46410151083,                 531P   1388
-42.4608763229528,-2.04010931121977,-111.46410151083,                531P   1389
-42.3358910877477,-2.01757374660477,-111.46410151083,                531P   1390
-42.098898370952,-2.00495128692005,-111.46410151083,                 531P   1391
-41.9673926217463,-2.0097862273736,-111.464101509645,                531P   1392
-41.6976921066738,-2.06754495468801,-111.464101509645,               531P   1393
-41.5752496603461,-2.11203910276788,-111.46410151083,                531P   1394
-41.3489479469909,-2.23168429603114,-111.46410151083,                531P   1395
-41.2457382147517,-2.30545593839157,-111.46410151083,                531P   1396
-41.1537290962099,-2.39199445934244,-111.46410151083,                531P   1397
-42.5816068909663,-2.0779316229224,-16.46410151083,                  531P   1398
-42.4608763229528,-2.04010931121977,-16.46410151083,                 531P   1399
-42.3358910877477,-2.01757374660477,-16.46410151083,                 531P   1400
-42.098898370952,-2.00495128692005,-16.46410151083,                  531P   1401
-41.9673926217463,-2.0097862273736,-16.4641015096448,                531P   1402
-41.6976921066738,-2.06754495468801,-16.4641015096448,               531P   1403
-41.5752496603461,-2.11203910276788,-16.46410151083,                 531P   1404
-41.3489479469909,-2.23168429603114,-16.4641015108301,               531P   1405
-41.2457382147517,-2.30545593839157,-16.46410151083,                 531P   1406
-41.1537290962099,-2.39199445934244,-16.46410151083,                 531P   1407
1.29465188705158D-5,0.284505034152548,0.,9.5;                        531P   1408
128,1,2,1,2,0,0,0,0,0,60.1813680335711,60.1813680335711,             533P   1409
61.168334986462,61.168334986462,-0.785398163397446,                  533P   1410
-0.785398163397446,-0.785398163397446,1.77603381710891D-14,          533P   1411
1.77603381710891D-14,1.77603381710891D-14,1.,1.,                     533P   1412
0.923879532511284,0.923879532511284,1.,1.,-42.5816068909663,         533P   1413
-2.07793162292239,-19.9999997913837,-42.5816068909663,               533P   1414
-2.07793162292239,-18.4999998956919,-43.1632120819184,               533P   1415
-2.31884039681229,-19.9999997913837,-43.1632120819184,               533P   1416
-2.31884039681229,-18.4999998956919,-43.404120828749,                533P   1417
-2.90044559897268,-19.9999997913837,-43.404120828749,                533P   1418
-2.90044559897268,-18.4999998956919,60.1813680335711,                533P   1419
61.168334986462,-0.785398163397446,1.77603381710891D-14;             533P   1420
128,9,1,3,1,0,0,1,0,0,0.,0.,0.,0.,0.04790422536622,                  535P   1421
0.04790422536622,0.097075435610393,0.097075435610393,                535P   1422
0.152453545262041,0.152453545262041,0.215685372722507,               535P   1423
0.215685372722507,0.215685372722507,0.215685372722507,0.,0.,         535P   1424
11.4,11.4,1.,1.,1.,1.,1.,1.,1.,1.,1.,1.,1.,1.,1.,1.,1.,1.,1.,1.,     535P   1425
1.,1.,-43.0900475394043,-4.32833442219679,-111.46410151083,          535P   1426
-43.1766316034103,-4.23627887340564,-111.46410151083,                535P   1427
-43.2504315798776,-4.13301734563408,-111.46410151083,                535P   1428
-43.3701006543329,-3.90660381012445,-111.46410151083,                535P   1429
-43.4145897084303,-3.78411070681182,-111.46410151083,                535P   1430
-43.4722890198745,-3.51440161833233,-111.46410151083,                535P   1431
-43.4771013486113,-3.38294359654314,-111.46410151083,                535P   1432
-43.4644601546385,-3.14605845263309,-111.46410151083,                535P   1433
-43.4419275267921,-3.02112634714438,-111.46410151083,                535P   1434
-43.404120828749,-2.90044559897269,-111.46410151083,                 535P   1435
-43.0900475394043,-4.32833442219679,2.53589848917001,                535P   1436
-43.1766316034103,-4.23627887340564,2.53589848917001,                535P   1437
-43.2504315798776,-4.13301734563408,2.53589848917001,                535P   1438
-43.3701006543329,-3.90660381012445,2.53589848917001,                535P   1439
-43.4145897084303,-3.78411070681182,2.53589848917001,                535P   1440
-43.4722890198745,-3.51440161833233,2.53589848917001,                535P   1441
-43.4771013486113,-3.38294359654314,2.53589848917001,                535P   1442
-43.4644601546385,-3.14605845263309,2.53589848917001,                535P   1443
-43.4419275267921,-3.02112634714438,2.53589848917001,                535P   1444
-43.404120828749,-2.90044559897269,2.53589848917001,0.,              535P   1445
0.215685372722507,0.,11.4;                                           535P   1446
128,1,1,1,1,0,0,1,0,0,-2.00100044703487,-2.00100044703487,           537P   1447
76.0010007748604,76.0010007748604,8.99900011920935,                  537P   1448
8.99900011920935,90.001,90.001,1.,1.,1.,1.,31.0010006258488,         537P   1449
-79.0009998807907,-19.9999997913837,-47.0010005960465,               537P   1450
-79.0009998807907,-19.9999997913837,31.0010006258487,                537P   1451
2.00100000000004,-19.9999997913837,-47.0010005960465,                537P   1452
2.00099999999999,-19.9999997913837,-2.00100044703487,                537P   1453
76.0010007748604,8.99900011920935,90.001;                            537P   1454
128,1,1,1,1,0,0,1,0,0,-2.0010007748604,-2.0010007748604,             539P   1455
76.0010004470349,76.0010004470349,8.99900011920929,                  539P   1456
8.99900011920929,90.001,90.001,1.,1.,1.,1.,-47.0010005960465,        539P   1457
-79.0009998807907,-18.4999998956919,31.0010006258488,                539P   1458
-79.0009998807907,-18.4999998956919,-47.0010005960466,               539P   1459
2.00100000000003,-18.4999998956919,31.0010006258487,                 539P   1460
2.00100000000008,-18.4999998956919,-2.0010007748604,                 539P   1461
76.0010004470349,8.99900011920929,90.001;                            539P   1462
128,1,1,1,1,0,0,1,0,0,-65.5747361622913,-65.5747361622913,           541P   1463
8.42726383770869,8.42726383770869,-69.2009997019768,                 541P   1464
-69.2009997019768,7.80100029802331,7.80100029802331,1.,1.,1.,1.,     541P   1465
-45.0010000000001,-0.999000000000025,19.5000002086162,               541P   1466
29.0009999999999,-0.999000000000017,19.5000002086162,                541P   1467
-45.0010000000001,-78.0010000000001,19.5000002086162,                541P   1468
29.0009999999999,-78.0010000000001,19.5000002086162,                 541P   1469
-65.5747361622913,8.42726383770869,-69.2009997019768,                541P   1470
7.80100029802331;                                                    541P   1471
128,1,8,1,2,0,1,0,0,1,-1.22464679914735D-16,                         543P   1472
-1.22464679914735D-16,0.258064516129032,0.258064516129032,           543P   1473
-3.14159265358979,-3.14159265358979,-3.14159265358979,               543P   1474
-1.5707963267949,-1.5707963267949,0.,0.,1.5707963267949,             543P   1475
1.5707963267949,3.14159265358979,3.14159265358979,                   543P   1476
3.14159265358979,1.,1.,0.707106781186548,0.707106781186548,1.,       543P   1477
1.,0.707106781186548,0.707106781186548,1.,1.,0.707106781186548,      543P   1478
0.707106781186548,1.,1.,0.707106781186548,0.707106781186548,1.,      543P   1479
1.,-15.7500000000001,-59.9999995231629,21.5000002086162,             543P   1480
-15.7500000000001,-59.9999995231629,19.5000002086162,                543P   1481
-15.7500000000001,-52.2499995231629,21.5000002086162,                543P   1482
-15.7500000000001,-52.2499995231629,19.5000002086162,                543P   1483
-8.00000000000013,-52.2499995231629,21.5000002086162,                543P   1484
-8.00000000000013,-52.2499995231629,19.5000002086162,                543P   1485
-0.250000000000132,-52.2499995231629,21.5000002086162,               543P   1486
-0.250000000000132,-52.2499995231629,19.5000002086162,               543P   1487
-0.25000000000013,-59.9999995231629,21.5000002086162,                543P   1488
-0.25000000000013,-59.9999995231629,19.5000002086162,                543P   1489
-0.250000000000132,-67.7499995231629,21.5000002086162,               543P   1490
-0.250000000000132,-67.7499995231629,19.5000002086162,               543P   1491
-8.00000000000013,-67.7499995231629,21.5000002086162,                543P   1492
-8.00000000000013,-67.7499995231629,19.5000002086162,                543P   1493
-15.7500000000001,-67.7499995231629,21.5000002086162,                543P   1494
-15.7500000000001,-67.7499995231629,19.5000002086162,                543P   1495
-15.7500000000001,-59.9999995231629,21.5000002086162,                543P   1496
-15.7500000000001,-59.9999995231629,19.5000002086162,                543P   1497
-1.22464679914735D-16,0.258064516129032,-3.14159265358979,           543P   1498
3.14159265358979;                                                    543P   1499
128,1,1,1,1,0,0,1,0,0,-0.001,-0.001,77.001,77.001,-0.001,-0.001,     545P   1500
2.001,2.001,1.,1.,1.,1.,28.9999999999999,-0.99900000000003,          545P   1501
21.5010002086162,28.9999999999999,-78.001,21.5010002086162,          545P   1502
28.9999999999999,-0.99900000000003,19.4990002086162,                 545P   1503
28.9999999999999,-78.001,19.4990002086162,-0.001,77.001,-0.001,      545P   1504
2.001;                                                               545P   1505
128,1,1,1,1,0,0,1,0,0,-0.00100000000000913,-0.00100000000000913,     547P   1506
74.001,74.001,-0.001,-0.001,2.00100000000001,2.00100000000001,       547P   1507
1.,1.,1.,1.,-45.0010000000001,-1.00000000000007,                     547P   1508
21.5010002086162,29.0009999999999,-1.00000000000005,                 547P   1509
21.5010002086162,-45.0010000000001,-1.00000000000007,                547P   1510
19.4990002086162,29.0009999999999,-1.00000000000005,                 547P   1511
19.4990002086162,-0.00100000000000913,74.001,-0.001,                 547P   1512
2.00100000000001;                                                    547P   1513
128,1,1,1,1,0,0,1,0,0,-0.001,-0.001,77.001,77.001,-0.001,-0.001,     549P   1514
2.001,2.001,1.,1.,1.,1.,-45.0000000000001,-78.0010000000001,         549P   1515
21.5010002086162,-45.0000000000001,-0.999000000000052,               549P   1516
21.5010002086162,-45.0000000000001,-78.0010000000001,                549P   1517
19.4990002086162,-45.0000000000001,-0.999000000000052,               549P   1518
19.4990002086162,-0.001,77.001,-0.001,2.001;                         549P   1519
128,1,1,1,1,0,0,1,0,0,-0.00100000000000711,-0.00100000000000711,     551P   1520
74.001,74.001,-0.00100000000001124,-0.00100000000001124,2.001,       551P   1521
2.001,1.,1.,1.,1.,29.0009999999999,-78.,21.5010002086162,            551P   1522
-45.0010000000001,-78.,21.5010002086162,29.0009999999999,-78.,       551P   1523
19.4990002086162,-45.0010000000001,-78.,19.4990002086162,            551P   1524
-0.00100000000000711,74.001,-0.00100000000001124,2.001;              551P   1525
128,1,1,1,1,0,0,1,0,0,-37.001,-37.001,37.001,37.001,                 553P   1526
-38.5010000000001,-38.5010000000001,38.501,38.501,1.,1.,1.,1.,       553P   1527
-45.0010000000001,-78.0010000000001,21.5000002086162,                553P   1528
29.0009999999999,-78.0010000000001,21.5000002086162,                 553P   1529
-45.0010000000001,-0.999000000000039,21.5000002086162,               553P   1530
29.0009999999999,-0.999000000000017,21.5000002086162,-37.001,        553P   1531
37.001,-38.5010000000001,38.501;                                     553P   1532
128,1,8,1,2,0,1,0,0,1,-9.42326863071853D-33,                         555P   1533
-9.42326863071853D-33,0.588235250290795,0.588235250290795,           555P   1534
-3.14159265358979,-3.14159265358979,-3.14159265358979,               555P   1535
-1.5707963267949,-1.5707963267949,0.,0.,1.5707963267949,             555P   1536
1.5707963267949,3.14159265358979,3.14159265358979,                   555P   1537
3.14159265358979,1.,1.,0.707106781186548,0.707106781186548,1.,       555P   1538
1.,0.707106781186548,0.707106781186548,1.,1.,0.707106781186548,      555P   1539
0.707106781186548,1.,1.,0.707106781186548,0.707106781186548,1.,      555P   1540
1.,-97.600001475215,100.000000149012,12.0000001788139,               555P   1541
-97.600001475215,98.0000002980233,12.0000001788139,                  555P   1542
-97.600001475215,100.000000149012,15.4000001788139,                  555P   1543
-97.600001475215,98.0000002980233,15.4000001788139,                  555P   1544
-101.000001475215,100.000000149012,15.4000001788139,                 555P   1545
-101.000001475215,98.0000002980233,15.4000001788139,                 555P   1546
-104.400001475215,100.000000149012,15.4000001788139,                 555P   1547
-104.400001475215,98.0000002980233,15.4000001788139,                 555P   1548
-104.400001475215,100.000000149012,12.0000001788139,                 555P   1549
-104.400001475215,98.0000002980233,12.0000001788139,                 555P   1550
-104.400001475215,100.000000149012,8.60000017881394,                 555P   1551
-104.400001475215,98.0000002980233,8.60000017881394,                 555P   1552
-101.000001475215,100.000000149012,8.60000017881394,                 555P   1553
-101.000001475215,98.0000002980233,8.60000017881394,                 555P   1554
-97.600001475215,100.000000149012,8.60000017881394,                  555P   1555
-97.600001475215,98.0000002980233,8.60000017881394,                  555P   1556
-97.600001475215,100.000000149012,12.0000001788139,                  555P   1557
-97.600001475215,98.0000002980233,12.0000001788139,                  555P   1558
-9.42326863071853D-33,0.588235250290795,-3.14159265358979,           555P   1559
3.14159265358979;                                                    555P   1560
128,1,1,1,1,0,0,1,0,0,-81.0009999999996,-81.0009999999996,           557P   1561
-2.99899970982284,-2.99899970982284,-91.0010013560054,               557P   1562
-91.0010013560054,-9.999000149011,-9.999000149011,1.,1.,1.,1.,       557P   1563
-30.9990011622904,18.9989989420176,-16.9999997913838,                557P   1564
-109.001001452467,18.9989989420176,-16.9999997913838,                557P   1565
-30.9990011622904,100.001000149012,-16.9999997913838,                557P   1566
-109.001001452467,100.001000149012,-16.9999997913838,                557P   1567
-81.0009999999996,-2.99899970982284,-91.0010013560054,               557P   1568
-9.999000149011;                                                     557P   1569
128,1,1,1,1,0,0,1,0,0,-12.501,-12.501,26.001,26.001,                 559P   1570
11.9989999999997,11.9989999999997,89.0009999999998,                  559P   1571
89.0009999999998,1.,1.,1.,1.,-33.0000011622904,98.0010002980233,     559P   1572
21.5010002086162,-33.0000011622904,98.0010002980233,                 559P   1573
-17.0009997913838,-33.0000011622904,20.9990002980232,                559P   1574
21.5010002086162,-33.0000011622904,20.9990002980232,                 559P   1575
-17.0009997913838,-12.501,26.001,11.9989999999997,                   559P   1576
89.0009999999998;                                                    559P   1577
128,1,1,1,1,0,0,1,0,0,-10.501,-10.501,28.001,28.001,                 561P   1578
-76.0009999999996,-76.0009999999996,-1.999,-1.999,1.,1.,1.,1.,       561P   1579
-107.00100116229,21.0000002980232,-17.0009997913838,                 561P   1580
-107.00100116229,21.0000002980232,21.5010002086162,                  561P   1581
-32.9990011622904,21.0000002980232,-17.0009997913838,                561P   1582
-32.9990011622904,21.0000002980232,21.5010002086162,-10.501,         561P   1583
28.001,-76.0009999999996,-1.999;                                     561P   1584
128,1,1,1,1,0,0,1,0,0,-23.501,-23.501,15.001,15.001,                 563P   1585
-37.0009999999996,-37.0009999999996,37.001,37.001,1.,1.,1.,1.,       563P   1586
-107.00100116229,98.0000002980233,21.5010002086162,                  563P   1587
-107.00100116229,98.0000002980233,-17.0009997913838,                 563P   1588
-32.9990011622904,98.0000002980233,21.5010002086162,                 563P   1589
-32.9990011622904,98.0000002980233,-17.0009997913838,-23.501,        563P   1590
15.001,-37.0009999999996,37.001;                                     563P   1591
128,1,1,1,1,0,0,1,0,0,-4.001,-4.001,34.501,34.501,                   565P   1592
11.9989999999997,11.9989999999997,89.0009999999998,                  565P   1593
89.0009999999998,1.,1.,1.,1.,-107.00000116229,98.0010002980233,      565P   1594
-17.0009997913838,-107.00000116229,98.0010002980233,                 565P   1595
21.5010002086162,-107.00000116229,20.9990002980232,                  565P   1596
-17.0009997913838,-107.00000116229,20.9990002980232,                 565P   1597
21.5010002086162,-4.001,34.501,11.9989999999997,                     565P   1598
89.0009999999998;                                                    565P   1599
128,1,1,1,1,0,0,1,0,0,-0.000999419518274171,                         567P   1600
-0.000999419518274171,78.0010011622909,78.0010011622909,-7.501,      567P   1601
-7.501,31.001,31.001,1.,1.,1.,1.,-109.001001743436,                  567P   1602
100.000000149012,21.5010002086162,-30.9990011616268,                 567P   1603
100.000000149012,21.5010002086162,-109.001001743436,                 567P   1604
100.000000149012,-17.0009997913838,-30.9990011616268,                567P   1605
100.000000149012,-17.0009997913838,-0.000999419518274171,            567P   1606
78.0010011622909,-7.501,31.001;                                      567P   1607
128,1,1,1,1,0,0,1,0,0,-28.001,-28.001,10.501,10.501,                 569P   1608
9.999000149011,9.999000149011,91.0010013560054,91.0010013560054,     569P   1609
1.,1.,1.,1.,-109.00000116229,100.001000149012,21.5010002086162,      569P   1610
-109.00000116229,100.001000149012,-17.0009997913838,                 569P   1611
-109.00000116229,18.9989989420176,21.5010002086162,                  569P   1612
-109.00000116229,18.9989989420176,-17.0009997913838,-28.001,         569P   1613
10.501,9.999000149011,91.0010013560054;                              569P   1614
128,1,1,1,1,0,0,1,0,0,1.99900025331969,1.99900025331969,             571P   1615
40.5010002533197,40.5010002533197,-0.00100000000000184,              571P   1616
-0.00100000000000184,78.0009999999996,78.0009999999996,1.,1.,1.,     571P   1617
1.,-30.9990011622904,18.9999989420176,-17.0009997913838,             571P   1618
-30.9990011622904,18.9999989420176,21.5010002086162,                 571P   1619
-109.00100116229,18.9999989420176,-17.0009997913838,                 571P   1620
-109.00100116229,18.9999989420176,21.5010002086162,                  571P   1621
1.99900025331969,40.5010002533197,-0.00100000000000184,              571P   1622
78.0009999999996;                                                    571P   1623
128,1,1,1,1,0,0,1,0,0,2.999,2.999,41.501,41.501,                     573P   1624
7.99900014901099,7.99900014901099,89.0010013560054,                  573P   1625
89.0010013560054,1.,1.,1.,1.,-31.0000011622904,100.001000149012,     573P   1626
-17.0009997913838,-31.0000011622904,100.001000149012,                573P   1627
21.5010002086162,-31.0000011622904,18.9989989420176,                 573P   1628
-17.0009997913838,-31.0000011622904,18.9989989420176,                573P   1629
21.5010002086162,2.999,41.501,7.99900014901099,89.0010013560054;     573P   1630
128,1,1,1,1,0,0,1,0,0,2.99899999933643,2.99899999933643,             575P   1631
81.0010002901768,81.0010002901768,9.99900014901099,                  575P   1632
9.99900014901099,91.0010013560054,91.0010013560054,1.,1.,1.,1.,      575P   1633
-30.9990011616268,100.001000149012,21.5000002086162,                 575P   1634
-109.001001452467,100.001000149012,21.5000002086162,                 575P   1635
-30.9990011616268,18.9989989420176,21.5000002086162,                 575P   1636
-109.001001452467,18.9989989420176,21.5000002086162,                 575P   1637
2.99899999933643,81.0010002901768,9.99900014901099,                  575P   1638
91.0010013560054;                                                    575P   1639
502,50,-35.0737368447656,-69.199999554064,-18.4999997913837,         577P   1640
22.8700100018476,-45.195285939174,-18.4999997913837,                 577P   1641
-34.0737368447656,-69.1999995391628,-7.56499979138371,               577P   1642
-35.0737368447656,-69.199999554064,-7.56499979138371,                577P   1643
23.8700100018476,-45.1952859242729,-7.56499979138371,                577P   1644
22.8700100018476,-45.195285939174,-7.56499979138371,                 577P   1645
23.8700100018476,-45.1952859242729,-18.4999998956919,                577P   1646
18.8700100018476,-45.1952859987787,-18.4999998956919,                577P   1647
-34.0737368447656,-69.1999995391628,-18.4999998956919,               577P   1648
-39.0737368447656,-69.1999996136686,-18.4999998956919,               577P   1649
31.0000003079573,-74.9999987184998,-18.4999998956919,                577P   1650
31.0000003079573,-74.9999987184998,-19.9999997913837,                577P   1651
31.0000001788139,2.00000000000001,-19.9999997913837,                 577P   1652
31.0000001788139,2.00000000000001,-18.4999998956919,                 577P   1653
-10.4999998320548,-62.3619068763709,-18.4999998956919,               577P   1654
-10.4999998320548,-62.3619068763709,-19.9999997913837,               577P   1655
-10.4999998949028,-67.0000041378073,-18.4999998956919,               577P   1656
-10.4999998949028,-67.0000041378073,-19.9999997913838,               577P   1657
-5.49999994944946,-67.0000041472384,-18.4999998956919,               577P   1658
-5.49999994944946,-67.0000041472384,-19.9999997913842,               577P   1659
-5.50000002957629,-62.3619069075332,-19.9999997913837,               577P   1660
-5.50000002957629,-62.3619069075332,-18.4999998956919,               577P   1661
-4.78571428700799,-60.8299346642791,-18.4999998956919,               577P   1662
-4.78571428700799,-60.8299346642791,-19.9999997913837,               577P   1663
-11.2142855744926,-60.8299346640054,-19.9999997913837,               577P   1664
-11.2142855744926,-60.8299346640054,-18.4999998956919,               577P   1665
-46.9999998211861,1.99999999999998,-19.9999997913838,                577P   1666
-46.9999998211861,1.99999999999998,-18.4999998956919,                577P   1667
-47.0000000794729,-74.9999998807907,-19.9999997913838,               577P   1668
-47.0000000794729,-74.9999998807907,-18.4999998956919,               577P   1669
31.0000004318707,-78.9999987184998,-18.4999998956919,                577P   1670
-47.0000001488353,-78.9999998807907,-18.4999998956919,               577P   1671
-47.0000001488353,-78.9999998807907,-19.9999997913838,               577P   1672
31.0000004318707,-78.9999987184998,-19.9999997913837,                577P   1673
26.8462719474087,-72.4278918309276,-18.4999998956919,                577P   1674
24.9099527130185,-74.3642319715442,-18.4999998956919,                577P   1675
26.8462719474087,-72.4278918309276,-19.9999997913837,                577P   1676
24.909952713019,-74.3642319715448,-19.9999997913837,                 577P   1677
25.4183941526501,-72.1138289945054,-18.4999998956919,                577P   1678
25.4183941526501,-72.1138289945054,-19.9999997913837,                577P   1679
24.5958802148675,-72.9363429705558,-18.4999998956919,                577P   1680
24.5958802148675,-72.9363429705558,-19.9999997913837,                577P   1681
-41.1537290962077,-2.39199445934453,-18.4999998956919,               577P   1682
-43.0900483306085,-4.32833459994883,-18.4999998956919,               577P   1683
-41.1537290962077,-2.39199445934453,-19.9999997913837,               577P   1684
-43.0900483305973,-4.32833459996188,-19.9999997913837,               577P   1685
-42.5816068909663,-2.07793162292239,-18.4999998956919,               577P   1686
-42.5816068909663,-2.07793162292239,-19.9999997913837,               577P   1687
-43.404120828749,-2.90044559897269,-18.4999998956919,                577P   1688
-43.404120828749,-2.90044559897269,-19.9999997913837;                577P   1689
502,10,28.9999999999999,-78.,19.5000002086162,-45.0000000000001,     579P   1690
-78.0000000000001,19.5000002086162,-45.0000000000001,                579P   1691
-1.00000000000007,19.5000002086162,28.9999999999999,                 579P   1692
-1.00000000000003,19.5000002086162,-15.7500000000001,                579P   1693
-59.9999995231629,19.5000002086162,-15.7500000000001,                579P   1694
-59.9999995231629,21.5000002086162,28.9999999999999,-78.,            579P   1695
21.5000002086162,28.9999999999999,-1.00000000000003,                 579P   1696
21.5000002086162,-45.0000000000001,-1.00000000000007,                579P   1697
21.5000002086162,-45.0000000000001,-78.0000000000001,                579P   1698
21.5000002086162;                                                    579P   1699
502,18,-97.600001475215,100.000000149012,12.0000001788139,           581P   1700
-97.600001475215,98.0000002980233,12.0000001788139,                  581P   1701
-109.00000116229,18.9999989420176,-16.9999997913838,                 581P   1702
-109.000001452467,100.000000149012,-16.9999997913838,                581P   1703
-31.0000011622904,100.000000149012,-16.9999997913838,                581P   1704
-31.0000011622904,18.9999989420176,-16.9999997913838,                581P   1705
-33.0000011622904,21.0000002980232,-16.9999997913838,                581P   1706
-33.0000011622904,98.0000002980233,-16.9999997913838,                581P   1707
-107.00000116229,98.0000002980233,-16.9999997913838,                 581P   1708
-107.00000116229,21.0000002980232,-16.9999997913838,                 581P   1709
-33.0000011622904,98.0000002980233,21.5000002086162,                 581P   1710
-33.0000011622904,21.0000002980232,21.5000002086162,                 581P   1711
-107.00000116229,21.0000002980232,21.5000002086162,                  581P   1712
-107.00000116229,98.0000002980233,21.5000002086162,                  581P   1713
-109.000001452467,100.000000149012,21.5000002086162,                 581P   1714
-31.0000011616268,100.000000149012,21.5000002086162,                 581P   1715
-109.00000116229,18.9999989420176,21.5000002086162,                  581P   1716
-31.0000011622904,18.9999989420176,21.5000002086162;                 581P   1717
504,74,249,577,1,577,1,251,577,2,577,2,253,577,3,577,3,255,577,      583P   1718
4,577,4,257,577,5,577,5,259,577,6,577,6,261,577,5,577,7,263,577,     583P   1719
8,577,7,265,577,7,577,8,267,577,6,577,2,269,577,3,577,9,271,577,     583P   1720
10,577,9,273,577,9,577,10,275,577,4,577,1,277,577,11,577,12,279,     583P   1721
577,12,577,13,281,577,14,577,13,283,577,11,577,14,285,577,15,        583P   1722
577,16,287,577,17,577,15,289,577,18,577,17,291,577,16,577,18,        583P   1723
293,577,19,577,17,295,577,20,577,19,297,577,18,577,20,299,577,       583P   1724
21,577,22,301,577,20,577,21,303,577,22,577,19,305,577,22,577,23,     583P   1725
307,577,23,577,24,309,577,24,577,21,311,577,25,577,26,313,577,       583P   1726
24,577,25,315,577,26,577,23,317,577,26,577,15,319,577,16,577,25,     583P   1727
321,577,13,577,27,323,577,27,577,28,325,577,28,577,14,327,577,       583P   1728
29,577,30,329,577,30,577,28,331,577,29,577,27,333,577,31,577,32,     583P   1729
335,577,32,577,33,337,577,33,577,34,339,577,34,577,31,341,577,       583P   1730
29,577,33,343,577,30,577,32,345,577,11,577,31,347,577,12,577,34,     583P   1731
349,577,35,577,36,351,577,37,577,35,353,577,38,577,37,355,577,       583P   1732
38,577,36,357,577,39,577,35,359,577,40,577,39,361,577,37,577,40,     583P   1733
363,577,41,577,39,365,577,42,577,41,367,577,40,577,42,369,577,       583P   1734
36,577,41,371,577,42,577,38,373,577,43,577,44,375,577,45,577,43,     583P   1735
377,577,46,577,45,379,577,46,577,44,381,577,47,577,43,383,577,       583P   1736
48,577,47,385,577,45,577,48,387,577,49,577,47,389,577,50,577,49,     583P   1737
391,577,48,577,50,393,577,44,577,49,395,577,50,577,46;               583P   1738
504,15,397,579,1,579,2,399,579,2,579,3,401,579,3,579,4,403,579,      585P   1739
4,579,1,405,579,5,579,5,407,579,6,579,6,409,579,6,579,5,411,579,     585P   1740
7,579,8,413,579,7,579,1,415,579,8,579,4,417,579,8,579,9,419,579,     585P   1741
9,579,3,421,579,9,579,10,423,579,10,579,2,425,579,10,579,7;          585P   1742
504,27,427,581,1,581,1,429,581,1,581,2,431,581,2,581,2,433,581,      587P   1743
3,581,4,435,581,4,581,5,437,581,5,581,6,439,581,6,581,3,441,581,     587P   1744
7,581,8,443,581,8,581,9,445,581,9,581,10,447,581,10,581,7,449,       587P   1745
581,11,581,12,451,581,8,581,11,453,581,7,581,12,455,581,13,581,      587P   1746
10,457,581,12,581,13,459,581,14,581,11,461,581,9,581,14,463,581,     587P   1747
13,581,14,465,581,15,581,4,467,581,16,581,15,469,581,5,581,16,       587P   1748
471,581,3,581,17,473,581,15,581,17,475,581,6,581,18,477,581,17,      587P   1749
581,18,479,581,18,581,16;                                            587P   1750
406,1,5HBody1;                                                       589P   1751
406,1,16HComponent1 (1):1;                                           591P   1752
406,1,12HComponent9:1;                                               593P   1753
314,95.2941176470588,95.2941176470588,95.2941176470588,19HOpaque     595P   1754
(243,243,243);                                                       595P   1755
314,96.078431372549,96.078431372549,96.4705882352941,19HOpaque(2     597P   1756
45,245,246);                                                         597P   1757
314,62.7450980392157,62.7450980392157,62.7450980392157,13HSteel      599P   1758
- Satin;                                                             599P   1759
S      1G      3D    600P   1759                                        T      1
